"","x"
"1","3.5 rooms, 104 m²«Living in style - Vermietung einer exklusiven 3 1/2-Zimmerwohnung»Riedackerstrasse 6, 8051 Zürich, ZHCloseCHF 3,200.—Favourite"
"2","4.5 rooms, 139 m²«Moderne Wohnung mit Aussicht direkt am Irchelpark»Frohburgstrasse 160, 8057 Zürich, ZHCloseCHF 5,260.—Favourite"
"3","5.5 rooms, 143 m²«Exklusive Gartenwohnung an toller Lage»Frauentalweg 106, 8045 Zürich, ZHCloseCHF 4,145.—Favourite"
"4","3 rooms, 56 m²«Wohnen an ruhiger Lage in Zürich-Affoltern»Hungerbergstrasse 39, 8046 Zürich, ZHCloseCHF 1,860.—Favourite"
"5","1 room, 70 m²«Im Szenen-Quartier von Zürich»Heinrichstrasse 239, 8005 Zürich, ZHCloseCHF 1,780.—Favourite"
"6","4.5 rooms, 119 m²«Urbane Stadtoase»Turbinenstrasse 28, 8005 Zürich, ZHCloseCHF 4,100.—Favourite"
"7","3 rooms, 63 m²«Wohnen an zentraler Lage»Blauäcker 12/14/16, 8051 Zürich, ZHCloseCHF 1,803.—Favourite"
"8","3.5 rooms, 73 m²«Zweitvermietung in verkehrsberuhigtem Quartier»Leimgrübelstrasse 22, 8052 Zürich, ZHCloseCHF 2,182.—Favourite"
"9","3.5 rooms, 100 m²«Moderne Wohnung im Kreis 5»Turbinenstrasse 32, 8005 Zürich, ZHCloseCHF 3,640.—Favourite"
"10","2 rooms, 45 m²«Attraktive Singlewohnung an genialer Lage!»Klosbachstrasse 22, 8032 Zürich, ZHCloseCHF 1,773.—Favourite"
"11","4 rooms, 125 m²«Ihre neue Wohnoase an zentraler Wohnlage!»Butzenstrasse 17, 8038 Zürich, ZHCloseCHF 3,485.—Favourite"
"12","2.5 rooms, 53 m²«per sofort oder nach Vereinbarung - neu renovierte 2.5 Zimmerwohnung»Milchbuckstrasse 5, 8057 Zürich, ZHCloseCHF 1,950.—Favourite"
"13","4.5 rooms, 98 m²«Entspannt wohnen im verkehrsberuhigten Quartier»Leimgrübelstrasse 18, 8052 Zürich, ZHCloseCHF 2,680.—Favourite"
"14","3.5 rooms, 86 m²«Leben Sie das aussergewöhnliche - Mietwohnung im Seefeld Quartier»Delphinstrasse 6, 8008 Zürich, ZHCloseCHF 3,704.—Favourite"
"15","3.5 rooms, 112 m²«Moderne Wohnung mitten in Zürich»Rüdigerstrasse 4, 8045 Zürich, ZHCloseCHF 3,630.—Favourite"
"16","4.5 rooms, 105 m²«Einziehen und im ersten Monat gratis wohnen»Leimgrübelstrasse 20, 8052 Zürich, ZHCloseCHF 2,768.—Favourite"
"17","2 rooms, 51 m²«Zentrale 2 Zimmerwohnung in Sternen-Oerlikon»Dörflistr. 107, 8050 Zürich, ZHCloseCHF 1,530.—Favourite"
"18","3.5 rooms, 116 m²«JAMES Albisrieden - Wohnen mit Service!»Flüelastrasse 25 A, 8047 Zürich, ZHCloseCHF 3,636.—Favourite"
"19","3.5 rooms, 100 m²«Wohnen in idyllischer Parkanlage»Katzenbachstrasse 225, 8052 Zürich, ZHCloseCHF 2,650.—Favourite"
"20","2.5 rooms, 45 m²«Nach Totalsanierung - moderne 2.5 ZWG im Zentrum von Zürich»Birmensdorferstrasse 256, 8055 Zürich, ZHCloseCHF 1,690.—Favourite"
"21","1.5 rooms, 30 m²«Nach Totalsanierung - grosszügige 1.5 ZWG im Zentrum von Zürich - sep.»Birmensdorferstrasse 256, 8055 Zürich, ZHCloseCHF 1,320.—Favourite"
"22","4.5 rooms, 140 m²«Luxuriöse, neue 4.5-Zimmer Gartenwohnung direkt am Leutschenbach»Hagenholzstrasse 100, 8050 Zürich, ZHCloseCHF 3,580.—Favourite"
"23","3.5 rooms, 106 m²«Ihr neues Zuhause auf zwei Etagen an top Lage»Forchstrasse 241, 8032 Zürich, ZHCloseCHF 2,710.—Favourite"
"24","3.5 rooms, 94 m²«Wunderschöne ETW mit 2 Balkonen in Zürich Seebach an sehr ruhiger Lage»Buhnstrasse 14, 8052 Zürich, ZHCloseCHF 2,490.—Favourite"
"25","3.5 rooms«Möblierte und ruhige 3.5 Zimmer Wohnung mit Balkon»Baslerstrasse 107, 8048 Zürich, ZHCloseCHF 2,550.—Favourite"
"26","2.5 rooms«Möblierte und ruhige 2.5 Zimmer Wohnung mit Balkon»Baslerstrasse 107, 8048 Zürich, ZHCloseCHF 2,080.—Favourite"
"27","2 rooms«EINMALIGE GELEGENHEIT !!!»Tramstrasse 28, 8050 Zürich, ZHCloseCHF 1,790.—Favourite"
"28","3 rooms, 73 m²«Zentralstrasse 125, 8003 - die letzte Wohnung mit Balkon nach Sanierun»Zentralstrasse 125, 8003 Zürich, ZHCloseCHF 3,480.—Favourite"
"29","2.5 rooms, 86 m²«Letzte Neubauwohnungen an der Europaallee»8001 Zürich, ZHCloseCHF 3,510.—Favourite"
"30","2.5 rooms, 86 m²«Letzte Neubauwohnungen an der Europaallee»Eisgasse 17, 8004 Zürich, ZHCloseCHF 3,510.—Favourite"
"31","4.5 rooms, 120 m²«Letzte Neubauwohnungen an der Europaallee»8001 Zürich, ZHCloseCHF 5,320.—Favourite"
"32","4.5 rooms, 120 m²«Letzte Neubauwohnungen an der Europaallee»Gustav-Gull-Platz 11, 8004 Zürich, ZHCloseCHF 5,320.—Favourite"
"33","4.5 rooms, 124 m²«Letzte Neubauwohnungen an der Europaallee»Gustav-Gull-Platz 11, 8004 Zürich, ZHCloseCHF 4,810.—Favourite"
"34","4.5 rooms, 124 m²«Letzte Neubauwohnungen an der Europaallee»8001 Zürich, ZHCloseCHF 4,810.—Favourite"
"35","3 rooms, 85 m²«Sonnig und ruhig, mit schönem Balkon - mitten in Zürich»Im Tiergarten 47 3L, 8045 Zürich, ZHCloseCHF 2,800.—Favourite"
"36","3.5 rooms, 95 m²«Apartment Oerlikon Area»Neunbrunnenstrasse 38, 8050 Zürich, ZHCloseCHF 2,600.—Favourite"
"37","4.5 rooms, 100 m²«ruhiges Wohnen mit zwei sonnigen Sitzplätzen»Zweiackerstrasse 49, 8053 Zürich, ZHCloseCHF 2,755.—Favourite"
"38","2 rooms, 50 m²«Ruhige möblierte 2-Zimmer Wohnung mit Balkon im Herzen von Zürich»Küngenmatt 15, 8055 Zürich, ZHCloseCHF 2,250.—Favourite"
"39","2.5 rooms, 65 m²«NEW SERVICED APARTMENTS ZURICH - VULCANO TOWERS»Vulkanstrasse 110, 8048 Zürich, ZHCloseCHF 3,200.—Favourite"
"40","2.5 rooms, 61 m²«NEW SERVICED APARTMENTS ZURICH - VULCANO TOWERS»Vulkanstrasse 110, 8048 Zürich, ZHCloseCHF 3,000.—Favourite"
"41","1.5 rooms, 44 m²«NEW SERVICED APARTMENTS ZURICH - VULCANO TOWERS»Vulkanstrasse 110, 8048 Zürich, ZHCloseCHF 2,800.—Favourite"
"42","1 room«Neu möblierte Apartment-Zimmer mit Hotel-Service»Baslerstrasse 110, 8048 Zürich, ZHCloseCHF 1,100.—Favourite"
"43","1 room«Nähe Stauffacherplatz, schönes möbliertes Appartementzimmer»Rotwandstrasse 67, 8004 Zürich, ZHCloseCHF 575.—Favourite"
"44","1 room, 20 m²«Single Wohnung nahe Bullingerplatz»Kanzleistrasse 227, 8004 Zürich, ZHCloseCHF 750.—Favourite"
"45","1 room, 12 m²«Möbliertes Einzelzimmer im Herzen der Stadt»Luisenstrasse 31, 8005 Zürich, ZHCloseCHF 770.—Favourite"
"46","1 room, 12 m²«***** möbl. SUPER - STUDIOS, Kreis 10/6, 10 Min von CITY, UNI und ETH»Rotbuchstrasse 27, 8037 Zürich, ZHCloseCHF 790.—Favourite"
"47","1 room, 15 m²«Einzelzimmer Nähe Stauffacher»Hallwylstrasse 40, 8004 Zürich, ZHCloseCHF 820.—Favourite"
"48","1 room, 14 m²«Möbliertes Studentenzimmer (03) Nähe Uni/ETH»Culmannstrasse 31, 8006 Zürich, ZHCloseCHF 830.—Favourite"
"49","1 room, 15 m²«Möbliertes Zimmer (44) an ruhiger Lage»Sihlfeldstrasse 81, 8004 Zürich, ZHCloseCHF 840.—Favourite"
"50","1 room, 14 m²«Möbliertes Studentenzimmer (14), im Niederdorf»Gräbligasse 3, 8001 Zürich, ZHCloseCHF 880.—Favourite"
"51","1 room, 14 m²«Ruhiges möbiliertes Studenten-Zimmer im Niederdorf»Gräbligasse 3, 8001 Zürich, ZHCloseCHF 885.—Favourite"
"52","1 room, 13 m²«Möbliertes Zimmer in Wohngemeinschaft nähe Hönggerberg»Im Hagenbrünneli, 8064 Zürich, ZHCloseCHF 890.—Favourite"
"53","1 room, 17 m²«möbeliertes Einzelzimmer an zentraler Lage»Hofackerstr. 25, 8032 Zürich, ZHCloseCHF 922.—Favourite"
"54","1 room«möbliertes Zimmer in Oerlikon»Berninastrasse 89, 8057 Zürich, ZHCloseCHF 950.—Favourite"
"55","1 room, 27 m²«Zentrale Singlewohnung in Zürich-Seebach!»Stiglenstrasse 59, 8052 Zürich, ZHCloseCHF 960.—Favourite"
"56","1 room«Studio in ruhiger Lage mit grünem Umschwung»Bergwiesen 35, 8047 Zürich, ZHCloseCHF 980.—Favourite"
"57","1 room, 12 m²«Möbliertes Einzelzimmer / furnished single room»Badenerstrasse 425, 8003 Zürich, ZHCloseCHF 999.—Favourite"
"58","1 room, 12 m²«Möbliertes ZImmer in grosser 3er WG»Dübendorfstrasse, 8051 Zürich, ZHCloseCHF 1,030.—Favourite"
"59","1 room, 16 m²«Möbliertes Zimmer in Wohngemeinschaft mitten in Zürich»Auhofstrasse, 8051 Zürich, ZHCloseCHF 1,030.—Favourite"
"60","1 room«Zürich - Örlikon 1 Zimmerwohung in ruhiger heller Lage»Kirchenackerweg 7, 8050 Zürich, ZHCloseCHF 1,080.—Favourite"
"61","1 room, 35 m²«Sanierte 1-Zimmerwohnung, Segnesstrasse 9, 8048 Zürich»Segnesstrasse 9, 8048 Zürich, ZHCloseCHF 1,140.—Favourite"
"62","1 room, 15 m²«Möbliertes Zimmer mit eigenem Badezimmer»Neugasse 40, 8005 Zürich, ZHCloseCHF 1,170.—Favourite"
"63","1 room, 18 m²«Modernes WG-Zimmer in Zürich-Affoltern zu vermieten»Schauenbergstrasse 40, 8046 Zürich, ZHCloseCHF 1,180.—Favourite"
"64","1 room«1-Zimmer-Wohnung mit Balkon - ruhig gelegen und doch zentral!»Herbstweg 5, 8050 Zürich, ZHCloseCHF 1,270.—Favourite"
"65","1 room, 35 m²«wunderschöne, sonnige möblierte 1 Zimmer Balkon Wohnung im 2 Stock !»Eibenstrasse 6, 8045 Zürich, ZHCloseCHF 1,290.—Favourite"
"66","2 rooms, 47 m²«Zentrale 2-Zimmerwohnung, Badenerstrasse 546, 8048 Zürich»Badenerstrasse 546, 8048 Zürich, ZHCloseCHF 1,295.—Favourite"
"67","1 room, 24 m²«1-Zimmer-Dachwohnung möbliert»Stauffacherstrasse 106, 8004 Zürich, ZHCloseCHF 1,300.—Favourite"
"68","1 room, 20 m²«Möbliertes Zimmer (inkl. TV) in Wohngemeinschaft»Dübendorfstrasse, 8051 Zürich, ZHCloseCHF 1,328.—Favourite"
"69","1.5 rooms, 25 m²«Zentral gelegene 1.5-Zimmer-Wohnung»Herrligstrasse 19, 8048 Zürich, ZHCloseCHF 1,340.—Favourite"
"70","1.5 rooms, 21 m²«1.5-Zimmer-Wohnung an optimaler Lage»Herrligstrasse 19, 8048 Zürich, ZHCloseCHF 1,340.—Favourite"
"71","1 room, 20 m²«Möblierte Zimmer mit Service»Rautistrasse 12, 8047 Zürich, ZHCloseCHF 1,350.—Favourite"
"72","1 room, 20 m²«Möblierte Zimmer mit Service»Schaffhauserstrasse 550, 8052 Zürich, ZHCloseCHF 1,350.—Favourite"
"73","1 room, 20 m²«Möblierte Zimmer mit Service»Rautistrasse 12, 8047 Zürich, ZHCloseCHF 1,350.—Favourite"
"74","1 room, 20 m²«Möblierte Zimmer mit Service»Schaffhauserstrasse 550, 8052 Zürich, ZHCloseCHF 1,350.—Favourite"
"75","2 rooms«zentrale Lage und doch ruhig, befristet»Üetlibergstrasse 78, 8045 Zürich, ZHCloseCHF 1,350.—Favourite"
"76","1 room, 34 m²«Neu renovierte 1-Zimmerwohnung in Zürich-Altstetten!»Karstlernstrasse 14, 8048 Zürich, ZHCloseCHF 1,355.—Favourite"
"77","1 room, 32 m²«An ruhiger Lage mit dem See in der Nähe...»Etzelstr. 28, 8038 Zürich, ZHCloseCHF 1,360.—Favourite"
"78","1 room, 30 m²«Neu renovierte 1-Zimmerwohnung in Zürich-Altstetten!»Karstlernstrasse 14, 8048 Zürich, ZHCloseCHF 1,370.—Favourite"
"79","3 rooms, 52 m²«Zwischenlösung gesucht? Wohnen am Stadtrand - befristet bis 30.06.2019»Kleeweidstr. 53, 8041 Zürich, ZHCloseCHF 1,370.—Favourite"
"80","1 room, 30 m²«Sehr schönes und möbliertes Studio zu vermieten!»Limmattalstrasse 265, 8049 Zürich, ZHCloseCHF 1,380.—Favourite"
"81","1 room«MÖBLIERT, TEMPORÄR: 1 ZI-WOHNUNG IN ZÜRICH - KREIS 6 OBERSTRASS»8006 Zürich, ZHCloseCHF 1,380.—Favourite"
"82","1 room, 24 m²«Erstvermietung - Studios an Toplage am Fusse des Üetlibergs»Zielweg 80, 8055 Zürich, ZHCloseCHF 1,390.—Favourite"
"83","1 room, 25 m²«Ruhig gelegene möblierte 1 Zimmer Wohnung / quiet located furnished flat»Salvatorstrasse 4, 8050 Zürich, ZHCloseCHF 1,390.—Favourite"
"84","1.5 rooms, 28 m²«MÖBLIERT, TEMPORÄR: 1½ ZI-WOHNUNG IN ZÜRICH - KREIS 3 WIEDIKON»8003 Zürich, ZHCloseCHF 1,399.—Favourite"
"85","1.5 rooms, 33 m²«Top Wohnung - Top Lage»Badenerstr. 255, 8003 Zürich, ZHCloseCHF 1,430.—Favourite"
"86","2 rooms, 52 m²«Wohnung mitten in Zürich (befristet bis 31.03.2019)»Steinstr. 71, 8003 Zürich, ZHCloseCHF 1,435.—Favourite"
"87","2 rooms, 55 m²«MÖBLIERT, TEMPORÄR: 2 ZI-WOHNUNG IN ZÜRICH - KREIS 6»8044 Zürich, ZHCloseCHF 1,438.—Favourite"
"88","3 rooms, 58 m²«Ihr neues Zuhause an zentraler Lage»Wehntalerstrasse 571, 8046 Zürich, ZHCloseCHF 1,440.—Favourite"
"89","1 room, 22 m²«Top Singelwohnung - ruhig und doch zentral!»Scheuchzerstrasse 14, 8006 Zürich, ZHCloseCHF 1,445.—Favourite"
"90","1 room, 30 m²«Erstbezug! Dachwohnung mit toller Aussicht!»Winterthurerstrasse 302, 8057 Zürich, ZHCloseCHF 1,450.—Favourite"
"91","1.5 rooms, 25 m²«Neu erstellte Wohnung»Jakob-Fügli-Strasse 18, 8048 Zürich, ZHCloseCHF 1,460.—Favourite"
"92","2 rooms, 46 m²«Zentral, nähe Bahnhof Binz»Uetlibergstrasse 51, 8045 Zürich, ZHCloseCHF 1,465.—Favourite"
"93","3 rooms, 60 m²«Zürich-Seebach / grüne Umgebung - Befristet bis zum 30.09.2019»Caspar Wüst-Strasse 38, 8052 Zürich, ZHCloseCHF 1,475.—Favourite"
"94","1.5 rooms, 44 m²«Charmante 1.5-Zimmer-Attikawohnung»Herrligstrasse 19, 8048 Zürich, ZHCloseCHF 1,480.—Favourite"
"95","2 rooms, 55 m²«2-Zimmerwohnung mit schöner Aussicht und Balkon»Grosswiesenstrasse 153, 8051 Zürich, ZHCloseCHF 1,480.—Favourite"
"96","1.5 rooms, 24 m²«Neu erstelltes Studio zum vermieten»Jakob-Fügli-Strasse 18, 8048 Zürich, ZHCloseCHF 1,490.—Favourite"
"97","1.5 rooms, 30 m²«HELL UND FRISCH RENOVIERT (KREIS 3)»8055 Zürich, ZHCloseCHF 1,490.—Favourite"
"98","1 room, 33 m²«Mitten im (Nacht)Leben»Brauerstrasse 27, 8004 Zürich, ZHCloseCHF 1,490.—Favourite"
"99","2 rooms, 53 m²«Sehr ruhig und doch zentral!»Wehntalerstrasse 584, 8046 Zürich, ZHCloseCHF 1,500.—Favourite"
"100","1 room, 29 m²«Neuvermietung! Attraktive Studiowohnung mit Gartensitzplatz!»Winterthurerstrasse 304, 8057 Zürich, ZHCloseCHF 1,500.—Favourite"
"101","4 rooms«4-Zimmerwohnung, befristet bis 30.09.2019»Freilagerstrasse 5, 8047 Zürich, ZHCloseCHF 1,500.—Favourite"
"102","1.5 rooms, 23 m²«Im 2017 erstellte Wohnung»Jakob-Fügli-Strasse 18, 8048 Zürich, ZHCloseCHF 1,510.—Favourite"
"103","3 rooms, 54 m²«Eine ruhige Wohnoase im Grünen!»Schauenbergstrasse 31, 8046 Zürich, ZHCloseCHF 1,510.—Favourite"
"104","1 room, 26 m²«MÖBLIERT, TEMPORÄR: 1 ZI-WOHNUNG IN ZÜRICH - KREIS 8 WEINEGG/BALGRIST»8008 Zürich, ZHCloseCHF 1,512.—Favourite"
"105","1.5 rooms, 42 m²«Neu renovierte 1.5-Zimmerwohnung in Zürich-Altstetten!»Karstlernstrasse 14, 8048 Zürich, ZHCloseCHF 1,520.—Favourite"
"106","1.5 rooms, 23 m²«Erstbezug – hier lebt Zürich»Hohlstrasse 104, 8004 Zürich, ZHCloseCHF 1,530.—Favourite"
"107","5 rooms, 120 m²«Befristet Wohnen am Manesseplatz bis 31.03.2019»Manessestrasse 92, 8045 Zürich, ZHCloseCHF 1,530.—Favourite"
"108","2 rooms, 51 m²«Wohnung im Herzen von Oerlikon gesucht?»Nansenstrasse 4, 8050 Zürich, ZHCloseCHF 1,543.—Favourite"
"109","1.5 rooms, 36 m²«Wipkingen neu totalrenovierte 1.5 zi Wohnung»Habsburgstrasse 2, 8037 Zürich, ZHCloseCHF 1,548.—Favourite"
"110","1 room, 36 m²«Wipkingen neu totalrenovierte 1.5 zi Wohnung»Habsburgstrasse 2, 8037 Zürich, ZHCloseCHF 1,548.—Favourite"
"111","1.5 rooms, 32 m²«Neue Dach-Wohnung im Kreis 4!»Stauffacherstrasse 178/180, 8004 Zürich, ZHCloseCHF 1,550.—Favourite"
"112","3 rooms«MÖBLIERT, TEMPORÄR: 3 ZI-WOHNUNG IN ZÜRICH - KREIS 9 ALBISRIEDEN»8047 Zürich, ZHCloseCHF 1,560.—Favourite"
"113","1 room, 20 m²«PROVISIONSFREI WG-ZIMMER IN ZÜRICH - KREIS 3 WIEDIKON, MÖBLIERT, TEMPO»8045 Zürich, ZHCloseCHF 1,560.—Favourite"
"114","2 rooms, 43 m²«Gemütliche 2-Zimmerwohnung an ruhiger und zentraler Lage»Albisriederstrasse 386, 8047 Zürich, ZHCloseCHF 1,580.—Favourite"
"115","1 room, 25 m²«Möblierte 1 Zimmer Wohnung / furnished flat»Gubelstrasse 60, 8050 Zürich, ZHCloseCHF 1,590.—Favourite"
"116","1 room, 25 m²«Bahnhofsnahe, möblierte 1 Zimmer Wohnung / furnished flat»Gubelstrasse 60, 8050 Zürich, ZHCloseCHF 1,590.—Favourite"
"117","2.5 rooms, 44 m²«Erstvermietung von urbanen und hochwertigen Wohnungen»Kügeliloostrasse 99, 8046 Zürich, ZHCloseCHF 1,590.—Favourite"
"118","1 room«Furnished rooms in a former hotel with private bathrooms»Niederdorfstrasse 1, 8001 Zürich, ZHCloseCHF 1,600.—Favourite"
"119","1 room«Exclusive möblierte Zimmer mit eigenem Badzimmer»Niederdorfstrasse 1, 8001 Zürich, ZHCloseCHF 1,600.—Favourite"
"120","3 rooms, 51 m²«3-Zimmerwohnung in Stadtnähe mit Sicht ins Grüne»Wehntalerstrasse 233B, 8057 Zürich, ZHCloseCHF 1,600.—Favourite"
"121","1.5 rooms, 46 m²«Neu renovierte 1.5-Zimmerwohnung in Zürich-Altstetten!»Karstlernstrasse 14, 8048 Zürich, ZHCloseCHF 1,600.—Favourite"
"122","1 room, 32 m²«Erstbezug! Dachwohnung mit ganz toller Aussicht!»Winterthurerstrasse 304, 8057 Zürich, ZHCloseCHF 1,600.—Favourite"
"123","1.5 rooms, 30 m²«Trendiges Wohnen neu definiert»Hohlstrasse 100, 8004 Zürich, ZHCloseCHF 1,615.—Favourite"
"124","2 rooms, 60 m²«MÖBLIERT, TEMPORÄR: 2 ZI-WOHNUNG IN ZÜRICH - KREIS 10»8049 Zürich, ZHCloseCHF 1,619.—Favourite"
"125","1.5 rooms«Baustellenrabatt Fr. 300.00: 1.5 Zimmerwohnung nahe bei der Uni Irchel»Brüderhofweg 31, 8057 Zürich, ZHCloseCHF 1,620.—Favourite"
"126","2.5 rooms«Grosszügige 2 1/2 - Zimmerwohnung»Bändliweg 7, 8064 Zürich, ZHCloseCHF 1,630.—Favourite"
"127","1 room, 40 m²«MÖBLIERT: 1 ZI-WOHNUNG IN ZÜRICH - KREIS 8 SEEFELD/MÜHLEBACH»8008 Zürich, ZHCloseCHF 1,638.—Favourite"
"128","3 rooms, 66 m²«*** Schöne 3 Zimmer-Wohnung in Zürich per 16.12.2018 o.n.V.****»Winterthurerstrasse 524, 8051 Zürich, ZHCloseCHF 1,639.—Favourite"
"129","2 rooms, 56 m²«Modernes Wohnen in NeuOerlikon»Birchstr. 191, 8050 Zürich, ZHCloseCHF 1,640.—Favourite"
"130","2.5 rooms, 55 m²«Zentral gelegene Wohnung in Altstetten»Altstetterstrasse 190, 8048 Zürich, ZHCloseCHF 1,657.—Favourite"
"131","3 rooms, 64 m²«Altbauwohnung mitten in Zürich (befristet bis 31.03.2016)»Steinstr. 73, 8003 Zürich, ZHCloseCHF 1,670.—Favourite"
"132","3 rooms, 64 m²«3-Zimmerwohnung mit Balkon»Stampfenbrunnenstr. 42, 8048 Zürich, ZHCloseCHF 1,680.—Favourite"
"133","1 room, 15 m²«MÖBLIERT, TEMPORÄR: WG-ZIMMER IN ZÜRICH - KREIS 5 ESCHER WYSS»8005 Zürich, ZHCloseCHF 1,680.—Favourite"
"134","1 room, 42 m²«Charmante Wohnung im Herzen von Zürich - befristet (limited)»Jenatschstrasse 3, 8002 Zürich, ZHCloseCHF 1,685.—Favourite"
"135","1 room, 25 m²«Preiswerte 1 Zimmer Wohnung / furnished flat»Gubelstrasse 60, 8050 Zürich, ZHCloseCHF 1,690.—Favourite"
"136","1.5 rooms«Möblierte Wohnung im Seefeld an ruhiger Lage mit sep. Küche»Wiesenstrasse 5, 8008 Zürich, ZHCloseCHF 1,690.—Favourite"
"137","1 room, 24 m²«Exklusive möblierte Apartments mit eigenem Bad und Küche an Toplage»Zielweg 80, 8055 Zürich, ZHCloseCHF 1,690.—Favourite"
"138","3 rooms, 61 m²«Helle und schöne Wohnung mit grossem Balkon»Luegislandstrasse 499, 8051 Zürich, ZHCloseCHF 1,690.—Favourite"
"139","4 rooms, 66 m²«Gemütliche 4-Zimmerwohnung unterhalb des Hönggerbergs»Bergacker 18, 8046 Zürich, ZHCloseCHF 1,690.—Favourite"
"140","2.5 rooms, 64 m²«Zentrale Wohnlage»Fellenbergstrasse 289, 8047 Zürich, ZHCloseCHF 1,690.—Favourite"
"141","1 room, 20 m²«Zürich City - zentral und preiswert residieren»Mutschellenstrasse 6, 8002 Zürich, ZHCloseCHF 1,700.—Favourite"
"142","47 m²«Erstbezug! Dachwohnung mit ganz toller Aussicht!»Winterthurerstrasse 300, 8057 Zürich, ZHCloseCHF 1,700.—Favourite"
"143","2 rooms, 52 m²«Zwischen Bucheggplatz und Bahnhof Oerlikon»Wehntalerstrasse 90/92, 8057 Zürich, ZHCloseCHF 1,719.—Favourite"
"144","1 room«Guter Start in Zürich !»Seebahnstrasse 121, 8003 Zürich, ZHCloseCHF 1,720.—Favourite"
"145","2.5 rooms, 59 m²«Neu renovierte 2.5-Zimmerwohnung in Zürich-Altstetten!»Karstlernstrasse 12, 8048 Zürich, ZHCloseCHF 1,720.—Favourite"
"146","2.5 rooms, 46 m²«Wohnen im Quartier am Fusse des Üetlibergs»Flüelastrasse 47, 8047 Zürich, ZHCloseCHF 1,720.—Favourite"
"147","2.5 rooms, 52 m²«An ruhiger Lage»Russenweg 12, 8008 Zürich, ZHCloseCHF 1,720.—Favourite"
"148","63 m²«Wohnateliers in renoviertem Fabrikgebäude an der Sihl»Lessingstrasse 11-17, 8002 Zürich, ZHCloseCHF 1,722.—Favourite"
"149","3 rooms, 61 m²«Helle und ruhige Wohnung zu vermieten»Regensbergstrasse 222, 8050 Zürich, ZHCloseCHF 1,723.—Favourite"
"150","3 rooms, 69 m²«Altbauwohnung mitten in Zürich (befristet bis 31.03.2019)»Steinstr. 73, 8003 Zürich, ZHCloseCHF 1,726.—Favourite"
"151","3 rooms«Schöne 3 - Zimmerwohnung»Bändliweg 5, 8064 Zürich, ZHCloseCHF 1,730.—Favourite"
"152","2 rooms«Neu sanierte Liegenschaft Nähe Bahnhof»Hofwiesenstrasse 271, 8050 Zürich, ZHCloseCHF 1,730.—Favourite"
"153","2.5 rooms, 79 m²«Wir haben genau die richtige Wohnung für Sie!»Glatttalstrasse 118 e, 8052 Zürich, ZHCloseCHF 1,740.—Favourite"
"154","1 room«Begehrte, elegant möblierte 1-Zimmerwohnung an super Lage!»Seebahnstrasse 121, 8003 Zürich, ZHCloseCHF 1,750.—Favourite"
"155","4 rooms, 61 m²«Wohnung an zentraler Lage in gepflegter Umgebung»Wehntalerstrasse 225, 8057 Zürich, ZHCloseCHF 1,750.—Favourite"
"156","2.5 rooms, 51 m²«Ruhig gelegene Wohnung mit Busstation in unmittelbarer Nähe»Witikonerstr. 489, 8053 Zürich, ZHCloseCHF 1,755.—Favourite"
"157","3.5 rooms, 67 m²«Wohnung mit Ausblick!»Holderbachweg 61, 8046 Zürich, ZHCloseCHF 1,770.—Favourite"
"158","2.5 rooms, 43 m²«2.5-Zimmer-Wohnung beim Bahnhof Altstetten»Herrligstrasse 19, 8048 Zürich, ZHCloseCHF 1,770.—Favourite"
"159","2.5 rooms, 58 m²«Modernes Wohnen in Hirzenbach»Grosswiesenstrasse 145/147, 8051 Zürich, ZHCloseCHF 1,775.—Favourite"
"160","2.5 rooms, 51 m²«Heimelige 2.5-Zimmerwohnung im trendigen Zürich-Oerlikon»Friesstrasse 32, 8050 Zürich, ZHCloseCHF 1,780.—Favourite"
"161","3.5 rooms, 79 m²«3,5-Zimmerwohnung - befristet bis 30.09.2019»Langgrütstrasse 106, 8047 Zürich, ZHCloseCHF 1,790.—Favourite"
"162","3.5 rooms, 67 m²«Für Studenten genau richtig»Georg Kempf-Strasse 6, 8046 Zürich, ZHCloseCHF 1,790.—Favourite"
"163","4 rooms, 74 m²«Ruhiges Wohnen in Oerlikon»Berninastrasse 10, 8057 Zürich, ZHCloseCHF 1,790.—Favourite"
"164","2 rooms, 50 m²«MÖBLIERT, TEMPORÄR: 2 ZI-WOHNUNG IN ZÜRICH - KREIS 4»8004 Zürich, ZHCloseCHF 1,794.—Favourite"
"165","2 rooms, 49 m²«Erstbezug! Moderner Stil mit toller Aussicht!»Winterthurerstrasse 302, 8057 Zürich, ZHCloseCHF 1,800.—Favourite"
"166","3.5 rooms, 83 m²«Wohnen Sie in der Stadt und doch im Grünen!»Käferholzstrasse 257, 8046 Zürich, ZHCloseCHF 1,810.—Favourite"
"167","2 rooms, 41 m²«MÖBLIERT, TEMPORÄR: 2 ZI-WOHNUNG IN ZÜRICH - KREIS 9 ALTSTETTEN»8048 Zürich, ZHCloseCHF 1,813.—Favourite"
"168","3 rooms, 60 m²«Bijou an grüner Lage»Russenweg 10, 8008 Zürich, ZHCloseCHF 1,815.—Favourite"
"169","2.5 rooms, 51 m²«Wohnen im Quartier am Fusse des Üetlibergs»Flüelastrasse 47, 8047 Zürich, ZHCloseCHF 1,815.—Favourite"
"170","1.5 rooms, 35 m²«Exklusive und helle 1.5 Zimmer-Wohnung im beliebten Seefeld»Wildbachstrasse 66, 8008 Zürich, ZHCloseCHF 1,830.—Favourite"
"171","2.5 rooms, 61 m²«Wohnen in Höngg...»Reinhold Frei-Str. 66, 8049 Zürich, ZHCloseCHF 1,836.—Favourite"
"172","2.5 rooms, 51 m²«Wohnraum in zentraler Lage»Hagenholzstr. 62, 8050 Zürich, ZHCloseCHF 1,838.—Favourite"
"173","1.5 rooms, 26 m²«Erstbezug: Stylisch möblierte 1.5-Zimmerwohnungen»Berninastrasse 58, 8057 Zürich, ZHCloseCHF 1,840.—Favourite"
"174","3.5 rooms, 83 m²«Ruhiges wohnen im zentralen Kreis 11»Landhusweg 3, 8052 Zürich, ZHCloseCHF 1,840.—Favourite"
"175","2.5 rooms, 50 m²«Wohnen im Quartier am Fusse des Üetlibergs»Flüelastrasse 47, 8047 Zürich, ZHCloseCHF 1,840.—Favourite"
"176","2.5 rooms, 55 m²«Leben Sie Ihren Wohntraum»Kühriedweg 28, 8050 Zürich, ZHCloseCHF 1,843.—Favourite"
"177","2 rooms, 54 m²«Gemütliche Wohnung nahe Irchelpark»Schaffhauserstrasse 163, 8057 Zürich, ZHCloseCHF 1,850.—Favourite"
"178","3.5 rooms, 68 m²«Helle Wohnung an sehr ruhige Lage»Grünhaldenstrasse 29, 8052 Zürich, ZHCloseCHF 1,850.—Favourite"
"179","1 room, 25 m²«Apartment im Herzen von Zürich!»Bäckerstrasse 34, 8004 Zürich, ZHCloseCHF 1,850.—Favourite"
"180","2.5 rooms, 45 m²«HELL UND GROSSZÜGIG (KREIS 3)»8055 Zürich, ZHCloseCHF 1,850.—Favourite"
"181","2 rooms, 50 m²«Erstbezug nach Totalsanierung!»Winterthurerstrasse 304, 8057 Zürich, ZHCloseCHF 1,850.—Favourite"
"182","2.5 rooms, 45 m²«Ein Bijoux an bester Lage!»Im Glockenacker 13, 8053 Zürich, ZHCloseCHF 1,855.—Favourite"
"183","2.5 rooms, 65 m²«Frisch renovierte 2.5 Zimmer-Wohnung Nähe ETH»Wehntalerstrasse 611, 8046 Zürich, ZHCloseCHF 1,860.—Favourite"
"184","3.5 rooms, 82 m²«Wohnung im Dachgeschoss - Zürich Affoltern (Kreis 11)»Wehntalerstrasse 457, 8046 Zürich, ZHCloseCHF 1,860.—Favourite"
"185","2 rooms, 68 m²«Ihr neues Zuhause im Herzen von Höngg»Limmattalstrasse 200, 8049 Zürich, ZHCloseCHF 1,870.—Favourite"
"186","1 room, 15 m²«MÖBLIERT, TEMPORÄR: WG-ZIMMER IN ZÜRICH - KREIS 6»8006 Zürich, ZHCloseCHF 1,875.—Favourite"
"187","3 rooms, 68 m²«Gemütliche Wohnung im Grünen mit Gartensitzplatz»Engadinerweg 5, 8049 Zürich, ZHCloseCHF 1,880.—Favourite"
"188","2 rooms, 51 m²«Klein aber fein – wohnen im Trendquartier Wiedikon»Gotthelfstr. 37, 8003 Zürich, ZHCloseCHF 1,880.—Favourite"
"189","3 rooms, 71 m²«Charmante 3-Zimmerwohnung an perfekter Lage»Altweg 24, 8047 Zürich, ZHCloseCHF 1,880.—Favourite"
"190","2.5 rooms, 61 m²«Helle 2.5 Zimmerwohnung zu vermieten»Kirchenfeld 59, 8052 Zürich, ZHCloseCHF 1,890.—Favourite"
"191","3 rooms, 65 m²«Helle und gemütliche Wohnung an zentraler Lage»Steinstrasse 63, 8003 Zürich, ZHCloseCHF 1,890.—Favourite"
"192","3 rooms, 72 m²«Gemütliche Wohnung!»Speerstrasse 35, 8038 Zürich, ZHCloseCHF 1,890.—Favourite"
"193","3.5 rooms, 80 m²«3.5-Zimmerwohnung, Badenerstrasse 831, 8048 Zürich»Badenerstrasse 831, 8048 Zürich, ZHCloseCHF 1,895.—Favourite"
"194","1 room, 18 m²«Moderne und möblierte Studios in Zürich Oerlikon»Schwamedingenstrasse 15, 8050 Zürich, ZHCloseCHF 1,900.—Favourite"
"195","2 rooms, 45 m²«Moderne 2-Zimmer-Wohnung nähe Langstrasse»Sihlhallenstrasse 11, 8004 Zürich, ZHCloseCHF 1,900.—Favourite"
"196","3 rooms«Gemütliche Wohnung mit Blick ins Grüne»Witikonerstrasse 487, 8053 Zürich, ZHCloseCHF 1,909.—Favourite"
"197","3 rooms, 58 m²«Stadtnah wohnen in Zürich-Höngg - komplett renovierte Wohnung mit Balkon!»Limmattalstrasse 225, 8049 Zürich, ZHCloseCHF 1,915.—Favourite"
"198","3.5 rooms, 65 m²«Moderne Wohnung nahe Zentrum Kreis 12»Kreuzwiesenstrasse 24, 8051 Zürich, ZHCloseCHF 1,926.—Favourite"
"199","2 rooms, 80 m²«Grosszügig, sonnig und hell mit Blick auf grünen Hallwylplatz»Hallwylstrasse 45, 8004 Zürich, ZHCloseCHF 1,930.—Favourite"
"200","4.5 rooms, 125 m²«PROVISIONSFREI 4½ ZIMMER-HAUS IN ZÜRICH - KREIS 9, MÖBLIERT, TEMPORÄR»8048 Zürich, ZHCloseCHF 1,938.—Favourite"
"201","3 rooms, 65 m²«Ihre neue Wohnung in Oerlikon»Regensbergstrasse 218, 8050 Zürich, ZHCloseCHF 1,940.—Favourite"
"202","3 rooms, 60 m²«Gemütliche Wohnung an ruhiger Lage nahe der Uniklinik Balgrist»Balgriststrasse 60, 8008 Zürich, ZHCloseCHF 1,940.—Favourite"
"203","3.5 rooms«Gemütliche Wohnung an zentraler Lage»Hörnlistrasse 4, 8057 Zürich, ZHCloseCHF 1,950.—Favourite"
"204","2 rooms, 50 m²«Gepflegte, grosse Wohnung an ruhiger zentraler Lage»Langfurren 32, 8057 Zürich, ZHCloseCHF 1,950.—Favourite"
"205","3.5 rooms, 56 m²«Suche Nachmieter»Duberndorfstrasse 316, 8051 Zürich, ZHCloseCHF 1,950.—Favourite"
"206","2.5 rooms, 52 m²«In nur 5 Gehminuten beim ""Stauffacher""»Verena-Conzett-Strasse 31, 8004 Zürich, ZHCloseCHF 1,950.—Favourite"
"207","2 rooms, 60 m²«MÖBLIERT, TEMPORÄR: 2 ZI-WOHNUNG IN ZÜRICH - KREIS 4 AUSSERSIHL»8003 Zürich, ZHCloseCHF 1,957.—Favourite"
"208","2.5 rooms, 67 m²«Gemütliche Wohnung mit Balkon»Affolternstrasse 77, 8050 Zürich, ZHCloseCHF 1,960.—Favourite"
"209","3 rooms«Hell und freundlich...»Hallwylstrasse, 8004 Zürich, ZHCloseCHF 1,960.—Favourite"
"210","3 rooms, 77 m²«Wohnen über den Dächern von Zürich im schönen Witikon»Wiesliacher 14, 8053 Zürich, ZHCloseCHF 1,960.—Favourite"
"211","3.5 rooms, 96 m²«Wohnen in Seebach»Caspar-Wüst Strasse 75, 8052 Zürich, ZHCloseCHF 1,970.—Favourite"
"212","2.5 rooms, 68 m²«Wenn Wohnträume wahr werden»Schulstr. 34, 8050 Zürich, ZHCloseCHF 1,970.—Favourite"
"213","2 rooms«MÖBLIERT, TEMPORÄR: 2 ZI-WOHNUNG IN ZÜRICH - KREIS 9 ALBISRIEDEN»8047 Zürich, ZHCloseCHF 1,974.—Favourite"
"214","2 rooms, 50 m²«MÖBLIERT, TEMPORÄR: 2 ZI-WOHNUNG IN ZÜRICH - KREIS 8 SEEFELD/MÜHLEBACH»8008 Zürich, ZHCloseCHF 1,975.—Favourite"
"215","3 rooms, 52 m²«3-Zimmer-Wohnung»Meientalstrasse 77, 8048 Zürich, ZHCloseCHF 1,980.—Favourite"
"216","2.5 rooms, 88 m²«Ihre neues Zuhause mit grossem Gartensitzplatz»Felsenrainstrasse 29, 8052 Zürich, ZHCloseCHF 1,980.—Favourite"
"217","3.5 rooms, 82 m²«Attraktive Maisonettewohnung in ruhiger Umgebung»Schwandenholzstrasse 210, 8046 Zürich, ZHCloseCHF 1,990.—Favourite"
"218","3 rooms, 64 m²«Gemütliches Wohnen»In der Ey 17, 8047 Zürich, ZHCloseCHF 1,990.—Favourite"
"219","2.5 rooms, 65 m²«2.5-Zimmer-Dachwohnung in ruhigem Quartier beim Schaffhauserplatz»Rötelstr. 9, 8006 Zürich, ZHCloseCHF 1,990.—Favourite"
"220","2 rooms, 55 m²«MÖBLIERT, TEMPORÄR: 2 ZI-WOHNUNG IN ZÜRICH - KREIS 8 SEEFELD/MÜHLEBACH»8008 Zürich, ZHCloseCHF 1,995.—Favourite"
"221","3.5 rooms, 100 m²«PROVISIONSFREI 3½ ZI-WOHNUNG IN ZÜRICH - KREIS 9 ALTSTETTEN, MÖBLIERT,»8048 Zürich, ZHCloseCHF 1,999.—Favourite"
"222","4 rooms, 79 m²«4.0 Zimmerwohnungan zentraler Lage in Zürich-Affoltern»Wehntalerstrasse 535, 8046 Zürich, ZHCloseCHF 2,000.—Favourite"
"223","2.5 rooms, 60 m²«MÖBLIERT, TEMPORÄR: 2½ ZI-WOHNUNG IN ZÜRICH - KREIS 6»8037 Zürich, ZHCloseCHF 2,000.—Favourite"
"224","3.5 rooms, 73 m²«Wohnen mit Blick ins Grüne»Witikonerstr. 497, 8053 Zürich, ZHCloseCHF 2,005.—Favourite"
"225","2.5 rooms, 48 m²«***befristete Wohnung im Kreis 6 zu vermieten***»Laurenzhof/Stampfenbachstr.131, 8006 Zürich, ZHCloseCHF 2,014.—Favourite"
"226","3.5 rooms«In fünf Minuten vom Stadtrand in die Natur»Naglerwiesenstrasse 42, 8049 Zürich, ZHCloseCHF 2,027.—Favourite"
"227","2 rooms, 70 m²«Neu saniert 2014, charmante 2 - Zimmerdachwohnung mit Balkon»Hügelstr.43, 8002 Zürich, ZHCloseCHF 2,030.—Favourite"
"228","3.5 rooms, 100 m²«Tolle Wohnung im ""Eichrain"" zu vermieten!»Eichrainstrasse 13, 8052 Zürich, ZHCloseCHF 2,030.—Favourite"
"229","2.5 rooms, 64 m²«Zentral und doch ruhig wohnen»Gutstrasse 159, 8047 Zürich, ZHCloseCHF 2,035.—Favourite"
"230","2.5 rooms, 65 m²«Wohnung mit eigenem Gartensitzplatz (uneinsehbar)»Eierbrechtstrasse 56, 8053 Zürich, ZHCloseCHF 2,040.—Favourite"
"231","3.5 rooms, 92 m²«Gemütliche Wohnung mit eigenem Sitzplatz!»Glatttalstrasse 110, 8052 Zürich, ZHCloseCHF 2,040.—Favourite"
"232","3.5 rooms, 80 m²«Charmante Wohnung in ruhiger und begrünter Umgebung»Im Brächli 41, 8053 Zürich, ZHCloseCHF 2,050.—Favourite"
"233","3.5 rooms, 70 m²«Nachmieter für 3 1/2 Zimmer WHG per 1.1.2019 gesucht»Winterthurerstrasse 80, 8006 Zürich, ZHCloseCHF 2,052.—Favourite"
"234","3 rooms, 82 m²«Ruhige Oase an idyllischer Lage»Kienastenwiesweg 31, 8053 Zürich, ZHCloseCHF 2,060.—Favourite"
"235","3.5 rooms, 89 m²«Zentral wohnen - in einem schönen Biotop mit viel Grünfläche»Im Altried 1g, 8051 Zürich, ZHCloseCHF 2,060.—Favourite"
"236","2.5 rooms, 48 m²«Wohnen im Quartier am Fusse des Üetlibergs»Flüelastrasse 47, 8047 Zürich, ZHCloseCHF 2,090.—Favourite"
"237","3 rooms, 77 m²«Schöner Wohnen mit Stil!»Buchholzstrasse 135, 8053 Zürich, ZHCloseCHF 2,090.—Favourite"
"238","3 rooms, 61 m²«Altbauwohnung in Wipkingen»Kornhausstrasse 29, 8037 Zürich, ZHCloseCHF 2,090.—Favourite"
"239","3 rooms«MÖBLIERT, TEMPORÄR: 3 ZI-WOHNUNG IN ZÜRICH - KREIS 9 ALTSTETTEN»8048 Zürich, ZHCloseCHF 2,098.—Favourite"
"240","2.5 rooms, 53 m²«Moderne 2.5-Zimmer-Wohnung im Herzen von Oerlikon»Berninastrasse 107, 8057 Zürich, ZHCloseCHF 2,100.—Favourite"
"241","4 rooms, 86 m²«Ruhige Wohnlage direkt an der Limmat»Bombachhalde 24, 8049 Zürich, ZHCloseCHF 2,100.—Favourite"
"242","2.5 rooms, 45 m²«Wohnen mit eigener Terrasse im Kreis 4!»Stauffacherstrasse 178/180, 8004 Zürich, ZHCloseCHF 2,120.—Favourite"
"243","4 rooms, 93 m²«Sonnig, grosszügig und komfortabel»Stettbachstrasse 35, 8051 Zürich, ZHCloseCHF 2,120.—Favourite"
"244","3.5 rooms, 75 m²«Wohnen in ""The Docks"", Nähe Bahnhof, im Trendkreis 5»Mattengasse 7, 8005 Zürich, ZHCloseCHF 2,130.—Favourite"
"245","2.5 rooms, 72 m²«Möblierte 2,5 Zimmer Whg Zürich Altstetten zur Untermiete»Buckhauserstrasse 19, 8048 Zürich, ZHCloseCHF 2,134.—Favourite"
"246","3 rooms, 63 m²«Dennlerhof - Ihre neue Wohnung in 8048 Zürich»Dennlerstrasse 11a, 8048 Zürich, ZHCloseCHF 2,150.—Favourite"
"247","3 rooms, 55 m²«Gemütliche Parterrewohnung in ruhigem Stadtquartier»Waldstrasse 14, 8046 Zürich, ZHCloseCHF 2,160.—Favourite"
"248","3.5 rooms, 94 m²«Ihr neues Zuhause an idyllischer und ruhiger Wohnage!»Grossackerstrasse 77, 8041 Zürich, ZHCloseCHF 2,180.—Favourite"
"249","1 room, 64 m²«Neubau Brick in Oerlikon: einzigartiges Loft-Ambiente im 2. Stock»8050 Zürich, ZHCloseCHF 2,180.—Favourite"
"250","1 room, 90 m²«MÖBLIERT, TEMPORÄR: 1 ZIMMER-LOFT IN ZÜRICH - KREIS 6 MILCHBUCK»8057 Zürich, ZHCloseCHF 2,188.—Favourite"
"251","2 rooms, 55 m²«modern möblierte 2 Zimmer Wohnung / modern furnished 2 room flat»Saumackerstrasse 55, 8048 Zürich, ZHCloseCHF 2,190.—Favourite"
"252","3 rooms, 100 m²«Wohnen an ruhiger Lage in Witikon»Stodolastr. 15, 8053 Zürich, ZHCloseCHF 2,190.—Favourite"
"253","2.5 rooms, 91 m²«Wohnen in Neu-Oerlikon»Birchstr. 183a, 8050 Zürich, ZHCloseCHF 2,190.—Favourite"
"254","3 rooms, 74 m²«Wohnung im Seefeldquartier / Befristet bis 31.08.2019»Münchhaldenstrasse 22, 8008 Zürich, ZHCloseCHF 2,190.—Favourite"
"255","3.5 rooms, 80 m²«Schöne 3.5-Zimmerwohnung in Zürich»Albisstr. 124, 8038 Zürich, ZHCloseCHF 2,190.—Favourite"
"256","4 rooms, 82 m²«Frisch renovierte Wohnung mit neuer Küche»Glattalstrasse 66, 8052 Zürich, ZHCloseCHF 2,190.—Favourite"
"257","2.5 rooms, 72 m²«Erster Nettomietzins geschenkt!»Leimgrübelstrasse 22 A, 8052 Zürich, ZHCloseCHF 2,200.—Favourite"
"258","2.5 rooms, 66 m²«Gemütliche Wohnung im Kreis 6 zu vermieten!»Laurenzhof/Stampfenbachstr.131, 8006 Zürich, ZHCloseCHF 2,200.—Favourite"
"259","1 room, 20 m²«Furnished attic room with roof terrace and private Bathroom!»Niederdorfstrasse 1, 8001 Zürich, ZHCloseCHF 2,200.—Favourite"
"260","1 room, 20 m²«Möbliertes Dachzimmer mit grosser Dachterrasse und eigenem Bad!»Niederdorfstrasse 1, 8001 Zürich, ZHCloseCHF 2,200.—Favourite"
"261","3.5 rooms, 94 m²«Wunderschöne Wohnung mit hohem Wohlfühlfaktor»Wehntalerstrasse 596b, 8046 Zürich, ZHCloseCHF 2,210.—Favourite"
"262","3.5 rooms, 75 m²«Erstvermietung von urbanen und hochwertigen Wohnungen»Kügeliloostrasse 99, 8046 Zürich, ZHCloseCHF 2,230.—Favourite"
"263","3.5 rooms, 82 m²«Wohnung an äusserst zentraler Lage mit guter Verbindung»Heerenschürlistrasse 9, 8051 Zürich, ZHCloseCHF 2,230.—Favourite"
"264","3 rooms, 79 m²«Wohnung im Seefeldquartier / Befristet bis 31.08.2019»Münchhaldenstrasse 24, 8008 Zürich, ZHCloseCHF 2,235.—Favourite"
"265","3 rooms, 79 m²«Wohnung im Seefeldquartier / Befristet bis 31.08.2019»Münchhaldenstrasse 22, 8008 Zürich, ZHCloseCHF 2,235.—Favourite"
"266","1.5 rooms, 75 m²«ecoplace AppPartments mit Zukunft»Hädrichstr. 8, 8047 Zürich, ZHCloseCHF 2,240.—Favourite"
"267","3.5 rooms, 67 m²«Erstvermietung! Moderner Stil mit toller Aussicht!»Winterthurerstrasse 300, 8057 Zürich, ZHCloseCHF 2,250.—Favourite"
"268","3 rooms, 89 m²«Wohnung im Seefeldquartier / Befristet bis 31.08.2019»Münchhaldenstrasse 24, 8008 Zürich, ZHCloseCHF 2,250.—Favourite"
"269","3.5 rooms, 78 m²«Wohnung sucht Mieter»Bucheggstrasse 27, 8037 Zürich, ZHCloseCHF 2,250.—Favourite"
"270","3 rooms, 72 m²«Gemütliche Dachwohnung zum Wohlfühlen»Speerstr. 32, 8038 Zürich, ZHCloseCHF 2,260.—Favourite"
"271","3.5 rooms, 96 m²«Zentrale Wohnung mit eigenem Waschturm und 2 Nasszellen»Bachmannweg 1/1a, 8046 Zürich, ZHCloseCHF 2,260.—Favourite"
"272","3 rooms, 88 m²«Maisonette-Wohnung mitten in Altstetten über 2 Etagen»Malojaweg 1, 8048 Zürich, ZHCloseCHF 2,260.—Favourite"
"273","1.5 rooms, 50 m²««Gleistribüne» - Modernes Wohnen direkt am HB Zürich»Zollstrasse 51, 8005 Zürich, ZHCloseCHF 2,260.—Favourite"
"274","3 rooms, 74 m²«Wohnung im Seefeldquartier / Befristet bis 31.08.2019»Münchhaldenstrasse 22, 8008 Zürich, ZHCloseCHF 2,260.—Favourite"
"275","3.5 rooms, 95 m²«Neu-Oerlikon Nord - Modern, trendig!»Margrit Rainer-Str. 14, 8050 Zürich, ZHCloseCHF 2,260.—Favourite"
"276","2.5 rooms, 79 m²«Wohnen mit Aussicht»Flüelastrasse 21 A, 8047 Zürich, ZHCloseCHF 2,275.—Favourite"
"277","2.5 rooms, 59 m²«Topmoderne Neubauwohnung im Herzen Altstettens zu vermieten!»Badenerstrasse 565, 8048 Zürich, ZHCloseCHF 2,280.—Favourite"
"278","2.5 rooms, 70 m²«Faboulous apartmet to sublet Jan to April 2019»Badenerstrasse 581, 8048 Zürich, ZHCloseCHF 2,280.—Favourite"
"279","3.5 rooms, 67 m²«Wunderschöne Wohnung mit Willkommensgeschenk»Leimgrübelstrasse 20, 8052 Zürich, ZHCloseCHF 2,290.—Favourite"
"280","3.5 rooms, 70 m²«Mitten drin und voll dabei !!!»Sihlhallenstrasse 28, 8004 Zürich, ZHCloseCHF 2,290.—Favourite"
"281","3.5 rooms, 79 m²«3.5-Zimmerwohnung in Zürich Unterstrass/Wipkingen»Rötelstrasse 73, 8037 Zürich, ZHCloseCHF 2,290.—Favourite"
"282","3.5 rooms, 81 m²«Wohnen im Zentrum von Oerlikon»Neudorfstrasse 15, 8050 Zürich, ZHCloseCHF 2,295.—Favourite"
"283","2 rooms, 40 m²«Möblierte 2-Zimmerwohnungen in Zürich Altstetten»Buckhauserstrasse 16, 8048 Zürich, ZHCloseCHF 2,300.—Favourite"
"284","1 room, 23 m²«Pied-à-Terre nähe Bahnhofstrasse»Kuttelgasse 4, 8001 Zürich, ZHCloseCHF 2,300.—Favourite"
"285","4 rooms, 102 m²«Befristet wohnen bis 30.09.2019»Bauherrenstrasse 11, 8049 Zürich, ZHCloseCHF 2,304.—Favourite"
"286","3.5 rooms, 89 m²«MÖBLIERT, TEMPORÄR: 3½ ZI-WOHNUNG IN ZÜRICH - KREIS 11 OERLIKON»8050 Zürich, ZHCloseCHF 2,313.—Favourite"
"287","3 rooms, 80 m²«MÖBLIERT, TEMPORÄR: 3 ZI-WOHNUNG IN ZÜRICH - KREIS 11»8051 Zürich, ZHCloseCHF 2,313.—Favourite"
"288","2.5 rooms, 89 m²«Leben am Eulenweg»Eulenweg 23, 8048 Zürich, ZHCloseCHF 2,320.—Favourite"
"289","4 rooms, 101 m²«Helle 4-Zimmer-Wohnung mit grosser Terrasse ab sofort zu vermieten»Winterthurerstrasse 539, 8051 Zürich, ZHCloseCHF 2,330.—Favourite"
"290","4.5 rooms, 100 m²«Ruhige und grüne Lage»Buchzelgstrasse 64, 8053 Zürich, ZHCloseCHF 2,335.—Favourite"
"291","2.5 rooms, 66 m²«Wohnen direkt an der Limmat!»Winzerhalde 105, 8049 Zürich, ZHCloseCHF 2,340.—Favourite"
"292","4 rooms, 75 m²«Wohnen an grüner Lage im schönen Zürich Witikon»Carl-Spitteler-Strasse 27, 8053 Zürich, ZHCloseCHF 2,340.—Favourite"
"293","2 rooms, 50 m²«MÖBLIERT, TEMPORÄR: 2 ZI-WOHNUNG IN ZÜRICH»8055 Zürich, ZHCloseCHF 2,344.—Favourite"
"294","3.5 rooms, 93 m²«Frisch gestrichene Wohnung mit Wintergarten an ruhiger und grüner Lage»Buchzelgweg 4, 8053 Zürich, ZHCloseCHF 2,350.—Favourite"
"295","2.5 rooms, 86 m²«Attraktive 2.5 Zi-Maisonette-Wohnung im Zürich Seefeld»Zollikerstr. 269a, 8008 Zürich, ZHCloseCHF 2,350.—Favourite"
"296","2.5 rooms, 86 m²«Helle und ruhige 2.5-Zimmer-Dachmaisonette-Wohnung»Zollikerstr. 269, 8008 Zürich, ZHCloseCHF 2,350.—Favourite"
"297","2 rooms, 54 m²«Erstvermietung in ruhigem Wohnquartier nähe Waldrand»Waldschulweg 21, 8032 Zürich, ZHCloseCHF 2,350.—Favourite"
"298","2.5 rooms, 75 m²«Furnished Rooftop Apartment for Sublet -starting Jan 15th (or earlier)»Pfirsichstrasse, 8006 Zürich, ZHCloseCHF 2,350.—Favourite"
"299","2.5 rooms, 77 m²«Ihre neue Bleibe, modernes und zentrales wohnen»Heerenschürlistrasse 7, 8051 Zürich, ZHCloseCHF 2,355.—Favourite"
"300","2.5 rooms, 70 m²«Entspannt wohnen im verkehrsberuhigten Quartier»Leimgrübelstrasse 22 A, 8052 Zürich, ZHCloseCHF 2,360.—Favourite"
"301","3.5 rooms, 96 m²«Tolle Wohnung mit 2 Nasszellen und Waschturm»Bachmannweg 1/1a, 8046 Zürich, ZHCloseCHF 2,360.—Favourite"
"302","4.5 rooms, 110 m²«MÖBLIERT, TEMPORÄR: 4½ ZI-WOHNUNG IN ZÜRICH - KREIS 11 OERLIKON»8057 Zürich, ZHCloseCHF 2,363.—Favourite"
"303","3.5 rooms, 69 m²«Stadtwohnung unmittelbar beim Bahnhof-Oerlikon/Marktplatz!»Franklinstrasse 20, 8050 Zürich, ZHCloseCHF 2,363.—Favourite"
"304","2.5 rooms, 78 m²«Erstvermietung - Einzigartig gemütlich!»Im Glockenacker 25, 8053 Zürich, ZHCloseCHF 2,370.—Favourite"
"305","2.5 rooms, 65 m²«MÖBLIERT, TEMPORÄR: 2½ ZIMMER-ATTIKAWOHNUNG IN ZÜRICH - KREIS 11 SEEBA»8052 Zürich, ZHCloseCHF 2,375.—Favourite"
"306","2.5 rooms, 65 m²«MÖBLIERT, TEMPORÄR: 2½ ZI-WOHNUNG IN ZÜRICH - KREIS 6 OBERSTRASS»8006 Zürich, ZHCloseCHF 2,376.—Favourite"
"307","1 room, 28 m²«Junior Studio Apartment - Zurich, Wehntalerstrasse 13»Wehntalerstrasse 13, 8057 Zürich, ZHCloseCHF 2,377.—Favourite"
"308","1 room«Junior Studio Apartment - Zürich, Albertstrasse 7»Albertstrasse 7, 8005 Zürich, ZHCloseCHF 2,377.—Favourite"
"309","3.5 rooms, 84 m²«Geniessen Sie Ausblick am Hönggerberg»Reinhold Frei-Str. 64, 8049 Zürich, ZHCloseCHF 2,380.—Favourite"
"310","2 rooms, 46 m²«Attraktive Stadtwohnung»Pflanzschulstrasse 51, 8004 Zürich, ZHCloseCHF 2,380.—Favourite"
"311","1 room, 61 m²«Neubau Brick in Oerlikon: Loft-Feeling auf Attika-Ebene»8050 Zürich, ZHCloseCHF 2,380.—Favourite"
"312","3 rooms, 69 m²«Schöne Wohnung mit Altbaucharme»Zeunerstr. 11, 8037 Zürich, ZHCloseCHF 2,390.—Favourite"
"313","3 rooms, 57 m²«Klein aber fein! Frisch sanierte, helle 3-Zimmerwohnung Albisrieden»Fellenbergstrasse 227, 8047 Zürich, ZHCloseCHF 2,390.—Favourite"
"314","3.5 rooms, 59 m²«Mitten in Wipkingen»Habsburgstr. 10, 8037 Zürich, ZHCloseCHF 2,390.—Favourite"
"315","3 rooms, 75 m²«Möblierte Wohnung an zentraler Lage / Furnished flat on central position»Albisriederstrasse 50, 8003 Zürich, ZHCloseCHF 2,395.—Favourite"
"316","2 rooms, 46 m²«Attraktive Wohnung im Kreis 4»Pflanzschulstrasse 51, 8004 Zürich, ZHCloseCHF 2,395.—Favourite"
"317","1 room, 20 m²«MÖBLIERT: WG-ZIMMER IN ZÜRICH - KREIS 2 ENGE»8002 Zürich, ZHCloseCHF 2,400.—Favourite"
"318","3.5 rooms, 75 m²«MÖBLIERT, TEMPORÄR: 3½ ZI-WOHNUNG IN ZÜRICH - KREIS 10 HÖNGG»8049 Zürich, ZHCloseCHF 2,400.—Favourite"
"319","3.5 rooms, 89 m²«MÖBLIERT, TEMPORÄR: 3½ ZI-WOHNUNG IN ZÜRICH - KREIS 9 ALBISRIEDEN»8047 Zürich, ZHCloseCHF 2,400.—Favourite"
"320","2.5 rooms, 75 m²«MÖBLIERT, TEMPORÄR: 2½ ZI-WOHNUNG IN ZÜRICH - KREIS 7 HIRSLANDEN»8032 Zürich, ZHCloseCHF 2,400.—Favourite"
"321","4.5 rooms, 94 m²«Wohnen mit Aussicht!»Benedikt Fontana-Weg 8, 8049 Zürich, ZHCloseCHF 2,405.—Favourite"
"322","5 rooms, 101 m²«Familienfreundliche Wohnung»Witikonerstr. 515, 8053 Zürich, ZHCloseCHF 2,420.—Favourite"
"323","5 rooms, 103 m²«befristet Wohnen im Kreis 6»Hofwiesenstrasse 236, 8057 Zürich, ZHCloseCHF 2,425.—Favourite"
"324","1.5 rooms, 76 m²«Wohnung mit Ausblick auf Zürich!»Rötelsteig 7, 8037 Zürich, ZHCloseCHF 2,430.—Favourite"
"325","2 rooms, 75 m²«Charmante 2.0-Zimmerwohnung im Stadtzentrum»Dreikönigsstrasse 26, 8002 Zürich, ZHCloseCHF 2,430.—Favourite"
"326","2.5 rooms, 58 m²«Letzte 2.5-Zimmerwohnung an hipper Lage»Hohlstrasse 100, 8004 Zürich, ZHCloseCHF 2,435.—Favourite"
"327","4.5 rooms, 114 m²«**Grosszügiges Wohnen in Zürich Nord**»Hagenholzstrasse 68, 8050 Zürich, ZHCloseCHF 2,435.—Favourite"
"328","2.5 rooms, 71 m²«Wohenn direkt an der Limmat!»Winzerhalde 107, 8049 Zürich, ZHCloseCHF 2,440.—Favourite"
"329","3.5 rooms, 103 m²«Wohnen in idyllischer Parkanlage»Katzenbachstrasse 229, 8052 Zürich, ZHCloseCHF 2,445.—Favourite"
"330","4 rooms, 92 m²«Volltreffer! Wohnen im Seefeld»Russenweg 12, 8008 Zürich, ZHCloseCHF 2,469.—Favourite"
"331","2 rooms, 56 m²«MÖBLIERT: 2 ZI-WOHNUNG IN ZÜRICH - KREIS 4»8004 Zürich, ZHCloseCHF 2,475.—Favourite"
"332","3.5 rooms, 77 m²«Raum zum Leben - Erstbezug Regensbergstrasse 192»Regensbergstrasse 192, 8050 Zürich, ZHCloseCHF 2,475.—Favourite"
"333","4 rooms«Zentalgelegene Wohnung in Wollishofen»Studackerstrasse 1, 8038 Zürich, ZHCloseCHF 2,480.—Favourite"
"334","2.5 rooms, 57 m²«Moderne Wohnung nach Sanierung»Kalkbreitestrasse 1, 8003 Zürich, ZHCloseCHF 2,480.—Favourite"
"335","3 rooms, 76 m²«Charmante Stadtwohnung»Waffenplatzstrasse 80, 8002 Zürich, ZHCloseCHF 2,480.—Favourite"
"336","2.5 rooms«Seesicht - Bijoux am Zürichberg»Zürichbergstrasse 46, 8044 Zürich, ZHCloseCHF 2,490.—Favourite"
"337","2.5 rooms, 49 m²«Erstvermietung «Gleistribüne» - Ein Wohnort mit Lebensqualität»Zollstrasse 53, 8005 Zürich, ZHCloseCHF 2,490.—Favourite"
"338","2.5 rooms, 65 m²«Fully furnished apartment at the city center, in Kreis 6, 2 min walki»Narzissenstrasse, 14, 8006 Zürich, ZHCloseCHF 2,490.—Favourite"
"339","3 rooms, 77 m²«Mitten im (Nacht)Leben»Hohlstrasse 30, 8004 Zürich, ZHCloseCHF 2,490.—Favourite"
"340","4.5 rooms, 117 m²«MÖBLIERT, TEMPORÄR: 4½ ZIMMER-HAUS IN ZÜRICH - KREIS 3 FRIESENBERG»8055 Zürich, ZHCloseCHF 2,494.—Favourite"
"341","4.5 rooms«Attraktive, grosszügige Wohnung im Eigentumsstandard»Blumenfeldstrasse 66, 8046 Zürich, ZHCloseCHF 2,497.—Favourite"
"342","3 rooms, 75 m²«Möblierte Wohnung an zentraler Lage / Furnished flat on central position»Albisriederstrasse 50, 8003 Zürich, ZHCloseCHF 2,500.—Favourite"
"343","4 rooms, 75 m²«MÖBLIERT, TEMPORÄR: 4 ZI-WOHNUNG IN ZÜRICH (ZH)»8045 Zürich, ZHCloseCHF 2,500.—Favourite"
"344","3 rooms, 44 m²«MÖBLIERT, TEMPORÄR: FÜR KATZENLIEBHABER IN ZÜRICH - KREIS 7 HOTTINGEN»8032 Zürich, ZHCloseCHF 2,500.—Favourite"
"345","3.5 rooms, 70 m²«Kreis 3 - Direkt am Goldbrunnenplatz»Friesenbergstr. 23, 8055 Zürich, ZHCloseCHF 2,500.—Favourite"
"346","3 rooms, 64 m²«MÖBLIERT, TEMPORÄR: 3 ZI-WOHNUNG IN ZÜRICH - KREIS 4»8004 Zürich, ZHCloseCHF 2,500.—Favourite"
"347","3.5 rooms, 77 m²«MÖBLIERT, TEMPORÄR: 3½ ZI-WOHNUNG IN ZÜRICH - KREIS 4»8004 Zürich, ZHCloseCHF 2,500.—Favourite"
"348","3.5 rooms, 90 m²«PROVISIONSFREI 3½ ZI-WOHNUNG IN ZÜRICH - KREIS 10, MÖBLIERT, TEMPORÄR»8049 Zürich, ZHCloseCHF 2,500.—Favourite"
"349","2.5 rooms, 70 m²«2.5 Zimmer-Wohnung mitten im urbanen Trendquartier Zürich-West»Maschinenstr. 13, 8005 Zürich, ZHCloseCHF 2,500.—Favourite"
"350","3 rooms, 74 m²«Neu sanierte Wohnung nähe Uni und ETH»Pestalozzistr. 18, 8032 Zürich, ZHCloseCHF 2,510.—Favourite"
"351","4 rooms, 102 m²«Befristet wohnen bis 30.09.2019»Bauherrenstrasse 11, 8049 Zürich, ZHCloseCHF 2,511.—Favourite"
"352","4.5 rooms, 107 m²«Hier können Sie sich wohlfühlen ...»Bachmannweg 9, 8046 Zürich, ZHCloseCHF 2,520.—Favourite"
"353","3.5 rooms, 95 m²«MÖBLIERT, TEMPORÄR: 3½ ZI-WOHNUNG IN ZÜRICH - KREIS 7»8032 Zürich, ZHCloseCHF 2,520.—Favourite"
"354","4.5 rooms, 113 m²«Hier fühlt sich Ihre Familie wohl»Wehntalerstrasse 590b, 8046 Zürich, ZHCloseCHF 2,545.—Favourite"
"355","3.5 rooms, 95 m²«1 Monat gratis wohnen! Aussergewöhnliche 3 1/2-Zimmerwohnung!»Soodstrasse 88, 8041 Zürich, ZHCloseCHF 2,550.—Favourite"
"356","3 rooms, 66 m²«Wohnen in der Stadt Zürich direkt am See»Bellerivestr. 217, 8008 Zürich, ZHCloseCHF 2,550.—Favourite"
"357","3.5 rooms, 102 m²«Über den Dächern von Oerlikon»Hagenholzstr. 88, 8050 Zürich, ZHCloseCHF 2,553.—Favourite"
"358","2.5 rooms, 54 m²«Wohnen mit eigener Terrasse im Kreis 4!»Stauffacherstrasse 178/180, 8004 Zürich, ZHCloseCHF 2,555.—Favourite"
"359","3 rooms, 75 m²«Sanierte Wohnung im Hottingen Quartier»Zederstr. 14, 8032 Zürich, ZHCloseCHF 2,560.—Favourite"
"360","3.5 rooms, 72 m²«Komplett sanierte Wohnung direkt am Wipkingerplatz!»Hönggerstrasse 40, 8037 Zürich, ZHCloseCHF 2,570.—Favourite"
"361","3.5 rooms, 100 m²«""Erstvermietung"" Urbaner Wohntraum im Greencity»Tuchmacherstrasse 72, 8041 Zürich, ZHCloseCHF 2,570.—Favourite"
"362","4 rooms, 91 m²«Totalsaniert und topmodern, mitten in Zürich»Schaffhauserstrasse 456, 8052 Zürich, ZHCloseCHF 2,580.—Favourite"
"363","3.5 rooms, 83 m²«Moderne Wohnung in aufstrebendem Quartier!»Altstetterstrasse 216, 8048 Zürich, ZHCloseCHF 2,590.—Favourite"
"364","2.5 rooms, 69 m²«Hier pulsiert das Leben...»Bachmattstrasse 59, 8048 Zürich, ZHCloseCHF 2,590.—Favourite"
"365","3 rooms, 75 m²«Modern möblierte 3 Zimmer-Wohnung/ modern furnished 3 room flat»Albisriederstrasse 50, 8003 Zürich, ZHCloseCHF 2,590.—Favourite"
"366","3.5 rooms, 99 m²«Modernes Wohnen in Hirzenbach»Grosswiesenstrasse 145/147, 8051 Zürich, ZHCloseCHF 2,590.—Favourite"
"367","4 rooms, 120 m²«Möblierte 4 Zimmer Wohnung/furnished flat»Schaffhauserstrasse 457, 8052 Zürich, ZHCloseCHF 2,590.—Favourite"
"368","2.5 rooms, 81 m²«Moderne 2.5-Zimmer-Dachwohnung im Zentrum von Zürich-Witikon»Witikonerstrasse 382, 8053 Zürich, ZHCloseCHF 2,600.—Favourite"
"369","2 rooms, 50 m²«MÖBLIERT, TEMPORÄR: 2 ZI-WOHNUNG IN ZÜRICH - KREIS 5 ESCHER WYSS»8037 Zürich, ZHCloseCHF 2,600.—Favourite"
"370","2.5 rooms, 62 m²«Wohnen an zentraler Lage in Zürich»Kalkbreitestrasse 1, 8003 Zürich, ZHCloseCHF 2,600.—Favourite"
"371","4 rooms, 90 m²«Schöne, helle, Neubau-eigentumstandart 4. Zi-Whg, Nachmieter gesucht»Mühlackerstrasse 73, 8046 Zürich, ZHCloseCHF 2,600.—Favourite"
"372","3 rooms, 65 m²«Moderne Wohnung im Kreis 4»Köchlistrasse 18, 8004 Zürich, ZHCloseCHF 2,600.—Favourite"
"373","3.5 rooms, 78 m²«Diese Wohnung wird Sie begeistern!»Friedaustrasse 7, 8003 Zürich, ZHCloseCHF 2,600.—Favourite"
"374","4.5 rooms, 97 m²«Aussergewöhnliche Traumwohnung an bester Lage»Soodstrasse 88a, 8041 Zürich, ZHCloseCHF 2,620.—Favourite"
"375","4.5 rooms, 119 m²«Wohnung nahe am Bahnhof & Chatzensee»Mühlackerstrasse 114, 8046 Zürich, ZHCloseCHF 2,620.—Favourite"
"376","2 rooms, 68 m²«Charmante Wohnung im Herzen von Zürich - befristet (limited)»Jenatschstrasse 3, 8002 Zürich, ZHCloseCHF 2,620.—Favourite"
"377","3.5 rooms, 91 m²«Wohnen im Zentrum von Oerlikon»Siewerdtstrasse 10, 8050 Zürich, ZHCloseCHF 2,620.—Favourite"
"378","3.5 rooms, 79 m²«Helle 3.5-Zimmerwohnung»Abendweg 3, 8038 Zürich, ZHCloseCHF 2,620.—Favourite"
"379","4.5 rooms, 110 m²«Bevorzugte Lage in Zürich Oerlikon!»Jungstrasse 9, 8050 Zürich, ZHCloseCHF 2,625.—Favourite"
"380","3.5 rooms, 80 m²«MÖBLIERT, TEMPORÄR: 3½ ZI-WOHNUNG IN ZÜRICH - KREIS 4 AUSSERSIHL»8004 Zürich, ZHCloseCHF 2,625.—Favourite"
"381","2.5 rooms, 71 m²«Urbanes Wohnen über den Dächern von Zürich-Altstetten...»Bachmattstrasse 59, 8048 Zürich, ZHCloseCHF 2,640.—Favourite"
"382","3.5 rooms, 90 m²«ERSTVERMIETUNG AN ZENTRALER LAGE»8046 Zürich, ZHCloseCHF 2,640.—Favourite"
"383","2.5 rooms, 57 m²«MÖBLIERT, TEMPORÄR: 2½ ZI-WOHNUNG IN ZÜRICH - KREIS 3 FRIESENBERG»8055 Zürich, ZHCloseCHF 2,640.—Favourite"
"384","3.5 rooms, 92 m²«Modernes Wohnungn. stadtnah im Grünen»Grosswiesenstrasse 167, 8051 Zürich, ZHCloseCHF 2,650.—Favourite"
"385","2.5 rooms«Erstvermietung im Trendquartier Kreis 5»Limmatstrasse 31, 8005 Zürich, ZHCloseCHF 2,650.—Favourite"
"386","72 m²«Loft im Zentrum von Zürich»Sihlhallenstrasse 30, 8004 Zürich, ZHCloseCHF 2,650.—Favourite"
"387","1 room, 72 m²«Loft im Zentrum von Zürich»Sihlhallenstrasse 30, 8004 Zürich, ZHCloseCHF 2,650.—Favourite"
"388","3.5 rooms, 75 m²«Wohnen oberhalb vom Römerhof»Sprensenbühlstrasse 18, 8032 Zürich, ZHCloseCHF 2,662.—Favourite"
"389","2.5 rooms, 98 m²«Wunderschöne Erdgeschoss-Wohnung an ruhiger Lage!»Heerenschürlistrasse 2, 8051 Zürich, ZHCloseCHF 2,665.—Favourite"
"390","4.5 rooms, 90 m²«Topmoderne 4.5-Zimmerwohnung an zentraler und ruhiger Lage»Mattackerstrasse 3, 8052 Zürich, ZHCloseCHF 2,670.—Favourite"
"391","3.5 rooms, 88 m²«Modernes Wohnen, stadtnah im Grünen»Grosswiesenstrasse 167, 8051 Zürich, ZHCloseCHF 2,670.—Favourite"
"392","2.5 rooms, 64 m²«MÖBLIERT, TEMPORÄR: 2½ ZIMMER-ATTIKAWOHNUNG IN ZÜRICH - KREIS 4»8004 Zürich, ZHCloseCHF 2,675.—Favourite"
"393","3 rooms, 79 m²«3 Minuten vom Albisriederplatz»Friedaustrasse 7, 8003 Zürich, ZHCloseCHF 2,690.—Favourite"
"394","3.5 rooms, 88 m²«Totalsanierte Wohnungen an bester Lage in Schwamendingen»Schöneichstrasse 7, 8051 Zürich, ZHCloseCHF 2,696.—Favourite"
"395","2 rooms, 48 m²«möblierte Wohhung Zürich, ruhige Lage / furnished apartment Zurich»Wydäckerring 69a, 8047 Zürich, ZHCloseCHF 2,700.—Favourite"
"396","2 rooms, 40 m²«Businesswohnung an bevorzugter Lage»Universitätstrasse 69, 8006 Zürich, ZHCloseCHF 2,710.—Favourite"
"397","5 rooms, 120 m²«Grosszügige 5-Zimmerwohnung an ruhiger Lage in der Stadt Zürich»Limmattalstrasse 21, 8049 Zürich, ZHCloseCHF 2,710.—Favourite"
"398","2.5 rooms, 80 m²«***WOHNEN ""IN DER EY!"" - MODERNES WOHNEN IM GRÜNEN***»In der Ey 25, 8047 Zürich, ZHCloseCHF 2,720.—Favourite"
"399","4.5 rooms, 131 m²«Helle und grosszügige Wohnung mit Loggia»Mühlackerstrasse 110, 8046 Zürich, ZHCloseCHF 2,730.—Favourite"
"400","2.5 rooms, 65 m²«Charmante Altstadtwohnung»Schwanengasse 5, 8001 Zürich, ZHCloseCHF 2,733.—Favourite"
"401","3.5 rooms, 88 m²«Moderne 3.5-Zimmerwohnung, stadtnah im Grünen»Grosswiesenstrasse 165, 8051 Zürich, ZHCloseCHF 2,740.—Favourite"
"402","3.5 rooms, 70 m²«Moderne Stadtwohnung»Rankstrasse 5, 8032 Zürich, ZHCloseCHF 2,750.—Favourite"
"403","2 rooms, 35 m²«Möbliertes, Residence Apartment an Top Lage»Bäckerstrasse 34, 8004 Zürich, ZHCloseCHF 2,750.—Favourite"
"404","3.5 rooms, 84 m²«Ihre neue Wohlfühloase mit 2 Loggias im Greencity!»Maneggplatz 44, 8041 Zürich, ZHCloseCHF 2,750.—Favourite"
"405","2 rooms, 35 m²«Möbliertes, Residence Apartment an Top Lage»Bäckerstrasse 34, 8004 Zürich, ZHCloseCHF 2,750.—Favourite"
"406","3.5 rooms, 74 m²«zentral, charmant und sehr modern!»Zentralstrasse 153, 8003 Zürich, ZHCloseCHF 2,750.—Favourite"
"407","3.5 rooms, 107 m²«Befristetes Wohnen im Brunaupark bis zum 30.09.2020!»Wannerstr. 24, 8045 Zürich, ZHCloseCHF 2,761.—Favourite"
"408","4 rooms, 116 m²«Loft Maisonette-Wohnung im Erdgeschoss ideal für Paare und Singles»Margrit Rainer-Str. 17, 8050 Zürich, ZHCloseCHF 2,770.—Favourite"
"409","3.5 rooms, 100 m²«Ruhige Lage mitten in Schwamendingen»Tulpenstrasse 43, 8051 Zürich, ZHCloseCHF 2,775.—Favourite"
"410","3.5 rooms, 108 m²«Gemütlich wohnen an ruhiger aber doch zentraler Lage»Stodolastrasse 9, 8053 Zürich, ZHCloseCHF 2,780.—Favourite"
"411","3.5 rooms, 74 m²«MÖBLIERT, TEMPORÄR: 3½ ZI-WOHNUNG IN ZÜRICH - KREIS 2 LEIMBACH»8041 Zürich, ZHCloseCHF 2,786.—Favourite"
"412","3 rooms«Wunderschöne 3-Zimmerwohnung ganz zentral»Zentralstrasse 74, 8003 Zürich, ZHCloseCHF 2,790.—Favourite"
"413","3 rooms«MÖBLIERT, TEMPORÄR: 3 ZI-WOHNUNG IN ZÜRICH - KREIS 2»8002 Zürich, ZHCloseCHF 2,813.—Favourite"
"414","3.5 rooms, 98 m²«Vernetztes Wohnen in der Greencity»Maneggstrasse 83, 8041 Zürich, ZHCloseCHF 2,820.—Favourite"
"415","2.5 rooms, 89 m²«Stadtnah und im Grünen»Grabenwies 2, 8057 Zürich, ZHCloseCHF 2,820.—Favourite"
"416","3.5 rooms, 70 m²«Wipkingen neu totalrenovierte 3,5 zi Wohnung»Habsburgstrasse 2, 8037 Zürich, ZHCloseCHF 2,825.—Favourite"
"417","3.5 rooms, 70 m²«Wipkingen neu totalrenovierte 3,5 zi Wohnung»Habsburgstrasse 2, 8037 Zürich, ZHCloseCHF 2,825.—Favourite"
"418","3.5 rooms, 76 m²«MÖBLIERT: 3½ ZI-WOHNUNG IN ZÜRICH - KREIS 12»8051 Zürich, ZHCloseCHF 2,836.—Favourite"
"419","4.5 rooms, 99 m²«Moderne 4.5-Zimmer-Wohnung im Kreis 9...»Albulastr. 58, 8048 Zürich, ZHCloseCHF 2,840.—Favourite"
"420","3.5 rooms, 82 m²«City-Parterre-Wohnung im Kreis 4!»St. Jakobstrasse 59, 8004 Zürich, ZHCloseCHF 2,850.—Favourite"
"421","2 rooms, 65 m²«Charmante Wohnung im Herzen von Zürich - befristet»Jenatschstrasse 3, 8002 Zürich, ZHCloseCHF 2,860.—Favourite"
"422","3.5 rooms, 86 m²«Vulcano: Smarthome modernes Wohnen»Vulkanstrasse 110, 8048 Zürich, ZHCloseCHF 2,870.—Favourite"
"423","3.5 rooms, 104 m²«Urbane Wohnqualität in aufstrebendem Stadtteil»Wallisellenstrasse 333, 8050 Zürich, ZHCloseCHF 2,875.—Favourite"
"424","2.5 rooms, 60 m²«MÖBLIERT, TEMPORÄR: 2½ ZI-WOHNUNG IN ZÜRICH - KREIS 11 OERLIKON»8050 Zürich, ZHCloseCHF 2,875.—Favourite"
"425","4 rooms, 100 m²«MÖBLIERT, TEMPORÄR: 4 ZI-WOHNUNG IN ZÜRICH - KREIS 11 OERLIKON»8050 Zürich, ZHCloseCHF 2,880.—Favourite"
"426","4 rooms, 94 m²«MÖBLIERT, TEMPORÄR: 4 ZI-WOHNUNG IN ZÜRICH - KREIS 6 OBERSTRASS»8006 Zürich, ZHCloseCHF 2,880.—Favourite"
"427","4.5 rooms, 88 m²«Tolles Objekt am Zürichsee in Wollishofen - Top Wohnlage!»Seestrasse 345, 8038 Zürich, ZHCloseCHF 2,880.—Favourite"
"428","2 rooms«Komplett sanierte 2.5-Zimmer-Wohnung im Herzen des Niederdorfes»Münstergasse 22, 8001 Zürich, ZHCloseCHF 2,890.—Favourite"
"429","3.5 rooms, 108 m²«MÖBLIERT, TEMPORÄR: 3½ ZI-WOHNUNG IN ZÜRICH - KREIS 10 WIPKINGEN»8057 Zürich, ZHCloseCHF 2,916.—Favourite"
"430","3.5 rooms, 193 m²«Grosszügige Loft-Dachwohnung mit Cheminée»Limmattalstrasse 181, 8049 Zürich, ZHCloseCHF 2,920.—Favourite"
"431","2.5 rooms, 88 m²«Schöne Neubauwohnung nahe beim Bahnhof Wiedikon»Weststrasse 40, 8003 Zürich, ZHCloseCHF 2,920.—Favourite"
"432","4.5 rooms, 124 m²«Modernes Wohnen in Hirzenbach»Grosswiesenstrasse 145/147, 8051 Zürich, ZHCloseCHF 2,925.—Favourite"
"433","2.5 rooms, 41 m²«Erstbezug: Schick möblierte Attikawohnung mit Dachterrasse»Berninastrasse 58, 8057 Zürich, ZHCloseCHF 2,930.—Favourite"
"434","2.5 rooms, 66 m²«Single- oder Paarwohnung im Crestapark»Bellariastrasse 83, 8038 Zürich, ZHCloseCHF 2,930.—Favourite"
"435","2.5 rooms, 74 m²«Moderne Wohnung im Kreis 5»Turbinenstrasse 30, 8005 Zürich, ZHCloseCHF 2,940.—Favourite"
"436","4.5 rooms, 104 m²«Ideale WG Wohnungen frisch saniert ab Fr. 2'950.00 im Zentrum Altstetten»Bachmattstrasse 33, 8048 Zürich, ZHCloseCHF 2,950.—Favourite"
"437","3.5 rooms, 86 m²«Moderne Wohnung in Oerlikons Stadtkern!»Tramstrasse 2a, 8050 Zürich, ZHCloseCHF 2,970.—Favourite"
"438","3.5 rooms, 85 m²«MÖBLIERT, TEMPORÄR: 3½ ZI-WOHNUNG IN ZÜRICH - KREIS 11 OERLIKON»8051 Zürich, ZHCloseCHF 2,987.—Favourite"
"439","1.5 rooms, 110 m²«Loft Wohnung mit Sicht auf See und Berge»Burenweg 35, 8053 Zürich, ZHCloseCHF 2,990.—Favourite"
"440","3.5 rooms, 115 m²«Grosse exklusive Dachwohnungen nur für Liebhaber! (Erstvermietung)»Tulpenstrasse 43, 8051 Zürich, ZHCloseCHF 2,995.—Favourite"
"441","3 rooms, 70 m²«Schnucklige Dachwohnung im hippen Kreis 3 (zur Untermiete)»Zentralstrasse 125, 8003 Zürich, ZHCloseCHF 2,995.—Favourite"
"442","1 room, 23 m²«Junior Studio Apartment - Zürich, Gerechtigkeitsgasse 8»Gerechtigkeitsgasse 8, 8001 Zürich, ZHCloseCHF 2,999.—Favourite"
"443","3.5 rooms, 122 m²«Schöne 3.5 Zimmerwohnung - Erstbezug mit Eigentumscharakter!»Feuerweg 28, 8046 Zürich, ZHCloseCHF 3,000.—Favourite"
"444","2 rooms«MÖBLIERT, TEMPORÄR: 2 ZI-WOHNUNG IN ZÜRICH - KREIS 8 SEEFELD/MÜHLEBACH»8008 Zürich, ZHCloseCHF 3,000.—Favourite"
"445","4 rooms, 100 m²«MÖBLIERT, TEMPORÄR: 4 ZI-WOHNUNG IN ZÜRICH - KREIS 6 UNTERSTRASS»8006 Zürich, ZHCloseCHF 3,000.—Favourite"
"446","3.5 rooms, 90 m²«MÖBLIERT, TEMPORÄR: 3½ ZI-WOHNUNG IN ZÜRICH - KREIS 6 UNTERSTRASS»8037 Zürich, ZHCloseCHF 3,000.—Favourite"
"447","4.5 rooms, 100 m²«MÖBLIERT, TEMPORÄR: 4½ ZI-WOHNUNG IN ZÜRICH - KREIS 4 AUSSERSIHL»8003 Zürich, ZHCloseCHF 3,000.—Favourite"
"448","3 rooms, 71 m²«Wohnen im angesagten Seefeldquartier»Holbeinstr. 35, 8008 Zürich, ZHCloseCHF 3,015.—Favourite"
"449","4.5 rooms, 107 m²«Wohnen im Zentrum von Oerlikon»Siewerdtstrasse 12, 8050 Zürich, ZHCloseCHF 3,020.—Favourite"
"450","3.5 rooms, 132 m²«Ihr Wohntraum!»Margrit-Rainer-Strasse 11 A, 8050 Zürich, ZHCloseCHF 3,059.—Favourite"
"451","2.5 rooms, 71 m²«Luxuriös residieren am sonnigen Zürichberg»Fritz Fleiner-Weg 9, 8044 Zürich, ZHCloseCHF 3,060.—Favourite"
"452","3.5 rooms, 90 m²«Maisonette-Wohnung beim Hottingerplatz»Hottingerstr. 52, 8032 Zürich, ZHCloseCHF 3,070.—Favourite"
"453","4.5 rooms, 123 m²«Ihr neues Zuhause- In schöner Liegenschaft»Katzenbachstrasse 231, 8052 Zürich, ZHCloseCHF 3,070.—Favourite"
"454","3.5 rooms, 116 m²«Zwischen Goldbrunnenplatz und Schmiede Wiedikon»Kalkbreitestr. 115, 8003 Zürich, ZHCloseCHF 3,100.—Favourite"
"455","3.5 rooms, 67 m²«IDEALE LAGE»8006 Zürich, ZHCloseCHF 3,100.—Favourite"
"456","2 rooms, 21 m²«Mini 1 Bedroom Apartment - Zürich, Zweierstrasse 24»Zweierstrasse 24, 8004 Zürich, ZHCloseCHF 3,103.—Favourite"
"457","3.5 rooms, 74 m²««Gleistribüne» - Geniessen Sie die freie Sicht aufs Schienenmeer»Zollstrasse 61, 8005 Zürich, ZHCloseCHF 3,105.—Favourite"
"458","5 rooms, 117 m²«Wohnung mit grosser Terrasse zu vermieten»Witikonerstr. 515, 8053 Zürich, ZHCloseCHF 3,110.—Favourite"
"459","2.5 rooms, 80 m²«MÖBLIERT, TEMPORÄR: 2½ ZI-WOHNUNG IN ZÜRICH - KREIS 11 OERLIKON»8052 Zürich, ZHCloseCHF 3,120.—Favourite"
"460","3.5 rooms, 86 m²«Helle Neubau-Wohnung an der Limmat!»Winzerhalde 97, 8049 Zürich, ZHCloseCHF 3,128.—Favourite"
"461","3.5 rooms, 84 m²«Eine Perle in der Stadt»Forchstr. 26, 8008 Zürich, ZHCloseCHF 3,140.—Favourite"
"462","3.5 rooms, 71 m²«Wohnen am Puls von Zürich»Hohlstrasse 104, 8004 Zürich, ZHCloseCHF 3,150.—Favourite"
"463","2.5 rooms, 152 m²«Die etwas andere Wohnung! **1 Monat Gratis wohnen**»In der Looren 60, 8053 Zürich, ZHCloseCHF 3,150.—Favourite"
"464","3.5 rooms, 86 m²«MÖBLIERT, TEMPORÄR: 3½ ZI-WOHNUNG IN ZÜRICH - KREIS 11»8051 Zürich, ZHCloseCHF 3,150.—Favourite"
"465","3.5 rooms, 95 m²«Exklusives Wohnen im Osterwalder-Tower: 3.5-Zimmerwohnung im 13. OG»Neunbrunnenstrasse 38, 8050 Zürich, ZHCloseCHF 3,150.—Favourite"
"466","4.5 rooms, 131 m²«Attika Wohnung Zürich Affoltern»Wehntalerstrasse 581, 8046 Zürich, ZHCloseCHF 3,150.—Favourite"
"467","3.5 rooms, 88 m²«Das Wohnerlebnis auf dem Zürichberg»Susenbergstrasse 144, 8044 Zürich, ZHCloseCHF 3,158.—Favourite"
"468","3.5 rooms, 90 m²«Stadtwohnung am Hottingerplatz»Hottingerstr. 52, 8032 Zürich, ZHCloseCHF 3,160.—Favourite"
"469","3.5 rooms, 127 m²«moderne Maisonettewohnung mit grosszüziger Terrasse»Flurstr. 32+32A, 8048 Zürich, ZHCloseCHF 3,180.—Favourite"
"470","2.5 rooms, 69 m²«MÖBLIERT, TEMPORÄR: 2½ ZI-WOHNUNG IN ZÜRICH - KREIS 5 ESCHER WYSS»8005 Zürich, ZHCloseCHF 3,180.—Favourite"
"471","3 rooms, 80 m²«MÖBLIERT, TEMPORÄR: 3 ZI-WOHNUNG IN ZÜRICH - KREIS 7 ZÜRICHBERG»8044 Zürich, ZHCloseCHF 3,188.—Favourite"
"472","3 rooms, 80 m²«schöne, helle 3-Zimmerwohnung in der Nähe vom Bahnhof Enge Zürich»Seestrasse 45, 8002 Zürich, ZHCloseCHF 3,190.—Favourite"
"473","2.5 rooms, 70 m²«XL Serviced Apartments im Glattpark by ipartment»8050 Zürich, ZHCloseCHF 3,190.—Favourite"
"474","3.5 rooms, 84 m²«Vulcano: Smarthome modernes Wohnen»Vulkanstrasse 110, 8048 Zürich, ZHCloseCHF 3,190.—Favourite"
"475","2 rooms, 55 m²«möblierte Wohhung Zürich, ruhige Lage / furnished apartment Zurich»Fellenbergstrasse 267, 8047 Zürich, ZHCloseCHF 3,200.—Favourite"
"476","4.5 rooms, 99 m²«***Im Zürcher Seefeld wohnen***»Seefeldstr. 168, 8008 Zürich, ZHCloseCHF 3,200.—Favourite"
"477","3.5 rooms, 104 m²«Neubauwohnung an der Limmat»Winzerhalde 105, 8049 Zürich, ZHCloseCHF 3,200.—Favourite"
"478","2.5 rooms, 83 m²«Vulcano: Erstvermietung in Altstetten»Vulkanstrasse 110, 8048 Zürich, ZHCloseCHF 3,200.—Favourite"
"479","4 rooms, 85 m²«IDEALE LAGE MITTEN IM SEEFELD»8008 Zürich, ZHCloseCHF 3,200.—Favourite"
"480","5.5 rooms, 138 m²«Helle und moderne 5.5-Zimmer-Wohnung»Hagenholzstrasse 100, 8050 Zürich, ZHCloseCHF 3,210.—Favourite"
"481","3.5 rooms, 94 m²«Sanierter Altbau mit viel Exklusivität»Freiestrasse 216, 8032 Zürich, ZHCloseCHF 3,215.—Favourite"
"482","4 rooms, 120 m²«Schöne 4-Zimmer Jugendstilwohnung in Hottingen»Freiestrasse 205, 8032 Zürich, ZHCloseCHF 3,218.—Favourite"
"483","4.5 rooms, 93 m²«ZÜRICHBERG SCHÖNE 4.5 Zimmer-Maisonette-Wohnung»FREUDENBERGSTRASSE 92, 8044 Zürich, ZHCloseCHF 3,222.—Favourite"
"484","3.5 rooms, 87 m²«MÖBLIERT, TEMPORÄR: 3½ ZI-WOHNUNG IN ZÜRICH - KREIS 9 ALBISRIEDEN»8047 Zürich, ZHCloseCHF 3,240.—Favourite"
"485","3 rooms, 95 m²«Schöne Stadtwohnung im Kreis 6»Pflugstr. 20, 8006 Zürich, ZHCloseCHF 3,240.—Favourite"
"486","3 rooms, 65 m²«MÖBLIERT, TEMPORÄR: 3 ZI-WOHNUNG IN ZÜRICH - KREIS 3 WIEDIKON»8003 Zürich, ZHCloseCHF 3,240.—Favourite"
"487","3.5 rooms, 99 m²«SCHÖNE 3.5-ZIMMERWOHNUNG DIREKT BEIM HUBERTUS»Albisriederstrasse 172, 8003 Zürich, ZHCloseCHF 3,250.—Favourite"
"488","4.5 rooms, 113 m²«Wohnung mit Fernsicht im 8. Obergeschoss»Grosswiesenstrasse 167, 8051 Zürich, ZHCloseCHF 3,250.—Favourite"
"489","5.5 rooms, 144 m²«MÖBLIERT, TEMPORÄR: 5½ ZIMMER-HAUS IN ZÜRICH - KREIS 3 FRIESENBERG»8055 Zürich, ZHCloseCHF 3,250.—Favourite"
"490","2.5 rooms, 104 m²«Top Eigentumswohnung - teilmöbliert zur Miete»Drusbergstrasse 108, 8053 Zürich, ZHCloseCHF 3,250.—Favourite"
"491","4.5 rooms, 164 m²«Schöne Familien-Wohnung im Andreaspark»Hagenholzstr. 90, 8050 Zürich, ZHCloseCHF 3,287.—Favourite"
"492","3.5 rooms, 123 m²«123m² luxuriös ausgebaute Dach-Wohnung mit traumhafter Fernsicht über Zürich»Limmattalstr. 50, 8049 Zürich, ZHCloseCHF 3,290.—Favourite"
"493","3.5 rooms, 86 m²«Erstvermietung - Zentrale und charmante Stadtwohnung»Röntgenstrasse 4, 8005 Zürich, ZHCloseCHF 3,300.—Favourite"
"494","3.5 rooms, 98 m²«3.5 Zimmerwohnung Zürich Balgrist»Balgriststrasse 37/39, 8008 Zürich, ZHCloseCHF 3,300.—Favourite"
"495","1 room, 31 m²«Senior Studio Apartment - Zurich, Wolframplatz 1»Wolframplatz 1, 8045 Zürich, ZHCloseCHF 3,311.—Favourite"
"496","2.5 rooms, 67 m²«Modernes Wohnen an zentraler Lage»Mühlegasse 5, 8001 Zürich, ZHCloseCHF 3,325.—Favourite"
"497","2.5 rooms, 77 m²«Attraktive Dach-Wohnung beim Schauspielhaus»Rämistrasse 36/Hottingerstr. 2, 8001 Zürich, ZHCloseCHF 3,335.—Favourite"
"498","2.5 rooms, 70 m²«MÖBLIERT, TEMPORÄR: 2½ ZI-WOHNUNG IN ZÜRICH - KREIS 10 HÖNGG»8049 Zürich, ZHCloseCHF 3,348.—Favourite"
"499","3.5 rooms, 119 m²«Lifestyle mit kühler Eleganz»Max Bill-Platz 15, 8050 Zürich, ZHCloseCHF 3,350.—Favourite"
"500","3 rooms, 86 m²«MÖBLIERT, TEMPORÄR: 3 ZI-WOHNUNG IN ZÜRICH - KREIS 3 WIEDIKON»8003 Zürich, ZHCloseCHF 3,360.—Favourite"
"501","2.5 rooms, 75 m²«MÖBLIERT, TEMPORÄR: 2½ ZIMMER-MAISONETTEWOHNUNG IN ZÜRICH»8004 Zürich, ZHCloseCHF 3,360.—Favourite"
"502","3.5 rooms, 90 m²«Moderne Wohnungen an zentraler Lage gesucht?»Pflugstr. 20, 8006 Zürich, ZHCloseCHF 3,370.—Favourite"
"503","4.5 rooms, 119 m²«MÖBLIERT, TEMPORÄR: 4½ ZI-WOHNUNG IN ZÜRICH - KREIS 9 ALBISRIEDEN»8047 Zürich, ZHCloseCHF 3,375.—Favourite"
"504","4.5 rooms, 126 m²«Totalsaniert und topmodern, mitten in Zürich»Schaffhauserstrasse 456, 8052 Zürich, ZHCloseCHF 3,380.—Favourite"
"505","3.5 rooms, 142 m²«Moderne Wohnung in Neu-Oerlikon»Emil-Rütti-Weg 2, 8050 Zürich, ZHCloseCHF 3,390.—Favourite"
"506","2.5 rooms, 79 m²«Luxuswohnung im Seefeld»Mühlebachstrasse 40, 8008 Zürich, ZHCloseCHF 3,390.—Favourite"
"507","3.5 rooms, 76 m²«Geniale Dachwohnung mit Sicht auf den Züriberg»Forchstr. 28, 8008 Zürich, ZHCloseCHF 3,400.—Favourite"
"508","3.5 rooms, 66 m²«Exclusive möbl. Wohnung an bevorzugter Lage für gehobenen Ansprüche»Brandschenkesteig 2, 8002 Zürich, ZHCloseCHF 3,400.—Favourite"
"509","2.5 rooms, 65 m²«MÖBLIERT: SERVICED-APARTMENT IN ZÜRICH - KREIS 3»8045 Zürich, ZHCloseCHF 3,400.—Favourite"
"510","2.5 rooms, 96 m²«Besser wohnen... nähe Bahnhof Enge - mitten in Zürich...»Parkring 65, 8002 Zürich, ZHCloseCHF 3,400.—Favourite"
"511","3.5 rooms, 91 m²«Engimattstrasse - besser wohnen»Engimattstrasse 26, 8002 Zürich, ZHCloseCHF 3,400.—Favourite"
"512","3.5 rooms, 100 m²«Bei uns können Sie einen ganzen Monat mietfrei wohnen!»Badenerstrasse 565, 8048 Zürich, ZHCloseCHF 3,410.—Favourite"
"513","3.5 rooms, 97 m²«Attika-Wohnung zentral in Zürich Altstetten mit kleiner Terrasse»Jakob-Fügli-Strasse 16, 8048 Zürich, ZHCloseCHF 3,425.—Favourite"
"514","4.5 rooms, 127 m²«Traumhafte Lage mit herrlichem Ausblick»Imbisbühlstrasse 108, 8049 Zürich, ZHCloseCHF 3,428.—Favourite"
"515","3 rooms, 79 m²«Wohlfühloase im Herzen von Zürich»Froschaugasse 5, 8001 Zürich, ZHCloseCHF 3,430.—Favourite"
"516","4.5 rooms, 113 m²«Erstvermietung - Perfekt für Ihre Familie!»Im Glockenacker 17, 8053 Zürich, ZHCloseCHF 3,430.—Favourite"
"517","3.5 rooms, 112 m²«Wohnen am Fusse des Uetlibergs mit zwei Balkonen»Binzallee 24, 8055 Zürich, ZHCloseCHF 3,431.—Favourite"
"518","2.5 rooms, 86 m²«Traumhafte Loftwohnung gesucht?»Forchstr. 261, 8032 Zürich, ZHCloseCHF 3,450.—Favourite"
"519","1 room, 129 m²«Perle voller Möglichkeiten»8057 Zürich, ZHCloseCHF 3,450.—Favourite"
"520","2.5 rooms, 89 m²«Loftwohnung Deluxe - Ihr Wohntraum wird wahr»Forchstr. 261, 8032 Zürich, ZHCloseCHF 3,460.—Favourite"
"521","4.5 rooms, 109 m²«An bester Wohnlage in Zürich-Oerlikon»Eggbühlstrasse 1, 8050 Zürich, ZHCloseCHF 3,460.—Favourite"
"522","2.5 rooms, 69 m²«Erstbezug Attikawohnung 2018»Klosbachstr. 50, 8032 Zürich, ZHCloseCHF 3,490.—Favourite"
"523","3 rooms, 87 m²«Sanierte Wohnung mit Cheminée – Nahe Zürichsee und Sihlcity»Steinhaldenstrasse 62, 8002 Zürich, ZHCloseCHF 3,500.—Favourite"
"524","4.5 rooms, 117 m²«Modernes Wohnen im Kreis 5»Pfingstweidstrasse 104 B, 8005 Zürich, ZHCloseCHF 3,500.—Favourite"
"525","4.5 rooms, 124 m²«Urbane Wohnqualität in aufstrebendem Stadtteil»Wallisellenstrasse 333, 8050 Zürich, ZHCloseCHF 3,505.—Favourite"
"526","2 rooms, 32 m²«Junior 1 Bedroom Apartment - Zurich, Waffenplatzstrasse 72»Waffenplatzstrasse 72, 8002 Zürich, ZHCloseCHF 3,508.—Favourite"
"527","3.5 rooms, 75 m²«Wunderschöne Attikawohnung mit Aussicht»Regensdorferstrasse 72, 8049 Zürich, ZHCloseCHF 3,520.—Favourite"
"528","3.5 rooms, 121 m²«Dachwohnung nahe Hottingerplatz mit parkähnlichem Umschwung»Plattenstrasse 66, 8032 Zürich, ZHCloseCHF 3,540.—Favourite"
"529","3.5 rooms, 106 m²«Neubauwohnung an der Limmat»Winzerhalde 107, 8049 Zürich, ZHCloseCHF 3,560.—Favourite"
"530","3.5 rooms, 114 m²«MÖBLIERT, TEMPORÄR: 3½ ZIMMER-MAISONETTEWOHNUNG IN ZÜRICH»8004 Zürich, ZHCloseCHF 3,588.—Favourite"
"531","4.5 rooms, 109 m²«MÖBLIERT, TEMPORÄR: 4½ ZI-WOHNUNG IN ZÜRICH - KREIS 9 ALTSTETTEN»8048 Zürich, ZHCloseCHF 3,588.—Favourite"
"532","2.5 rooms, 71 m²«Erstbezug Attikawohnung 2018»Klosbachstr. 50, 8032 Zürich, ZHCloseCHF 3,590.—Favourite"
"533","3.5 rooms, 85 m²«Erstvermietung – Einzigartige Wohnung im Herzen von Zürich-City»Zollstrasse 37, 8005 Zürich, ZHCloseCHF 3,590.—Favourite"
"534","2.5 rooms, 55 m²«möblierte Wohnung Zürich, nähe Hauptbahnhof / furnished apt, near mainstation»Hochfarbstrasse 14, 8006 Zürich, ZHCloseCHF 3,600.—Favourite"
"535","3.5 rooms, 145 m²«MÖBLIERT, TEMPORÄR: 3½ ZI-WOHNUNG IN ZÜRICH - KREIS 3 WIEDIKON»8055 Zürich, ZHCloseCHF 3,600.—Favourite"
"536","3 rooms, 65 m²«möblierte Wohhung Zürich, ruhige Lage / furnished apartment Zurich»Töpferstrasse 44, 8045 Zürich, ZHCloseCHF 3,600.—Favourite"
"537","4.5 rooms, 120 m²«IDEALE LAGE MIT AUSSICHT INS GRÜNE UND DIE LIMMAT»8049 Zürich, ZHCloseCHF 3,600.—Favourite"
"538","«Erstvermietung am Limmatquai!»Limmatquai 16, 8001 Zürich, ZHCloseCHF 3,650.—Favourite"
"539","1 room, 136 m²«Exklusiv Wohnen im Leutschentower»Leutschenbachstrasse 50/50a, 8050 Zürich, ZHCloseCHF 3,655.—Favourite"
"540","2.5 rooms«Exclusive Stadtwohnung!»Brandschenkestrasse 66, 8002 Zürich, ZHCloseCHF 3,670.—Favourite"
"541","2.5 rooms, 97 m²«Trendy - Chic - Urban - Ihr Loft-Traum mit grosser Terrasse»Forchstr. 261, 8032 Zürich, ZHCloseCHF 3,680.—Favourite"
"542","3.5 rooms, 90 m²«MÖBLIERT, TEMPORÄR: 3½ ZI-WOHNUNG IN ZÜRICH - KREIS 2 ENGE»8002 Zürich, ZHCloseCHF 3,688.—Favourite"
"543","4.5 rooms, 81 m²«Wohnen mit eigener Terrasse im Kreis 4!»Herman-Greulich-Strasse 60, 8004 Zürich, ZHCloseCHF 3,690.—Favourite"
"544","3.5 rooms, 70 m²«möblierte Wohhung Zürich, ruhige Lage / furnished apartment Zurich»Giesshübelstrasse 68, 8045 Zürich, ZHCloseCHF 3,700.—Favourite"
"545","3.5 rooms, 118 m²«Suchen Sie eine exklusive Stadtwohnung?»Staffelstrasse 3, 8045 Zürich, ZHCloseCHF 3,700.—Favourite"
"546","4.5 rooms, 124 m²«Moderne Wohnung mitten in Seebach»Katzenbachstrasse 227, 8052 Zürich, ZHCloseCHF 3,701.—Favourite"
"547","4.5 rooms, 125 m²«Zuhause in der Stadt gesucht?»Anemonenstr. 43, 8047 Zürich, ZHCloseCHF 3,706.—Favourite"
"548","2 rooms, 55 m²«möblierte Wohnung Zürich, erstklassige Lage / furnished apt Zurich»Mühlebachstrasse 30, 8008 Zürich, ZHCloseCHF 3,750.—Favourite"
"549","3.5 rooms«Sonnendurchflutete, charmante, ruhige 3 1/2 Zimmer-Dachwohnung im Loftstil mit grosser, Garten-Dachterrasse und Blick über die Stadt»Cäcilienstrasse 3, 8032 Zürich, ZHCloseCHF 3,760.—Favourite"
"550","4.5 rooms, 120 m²«Wunderschöne 4½-Zimmer-Wohnung in Zürich-Wollishofen»Wachtelstrasse 15, 8038 Zürich, ZHCloseCHF 3,780.—Favourite"
"551","3.5 rooms, 101 m²«Urbanes Wohngefühl»Turbinenstrasse 26, 8005 Zürich, ZHCloseCHF 3,790.—Favourite"
"552","4.5 rooms, 104 m²«Toni Areal - Wohnen im pulsierenden Zürich West»Pfingstweidstrasse 94, 8005 Zürich, ZHCloseCHF 3,790.—Favourite"
"553","4.5 rooms, 132 m²«Familienwohnung über den Dächern von Zürich»Eierbrechtstrasse 59/61, 8053 Zürich, ZHCloseCHF 3,800.—Favourite"
"554","3.5 rooms, 101 m²«Urbanes Wohnen im Kreis 5»Turbinenstrasse 26, 8005 Zürich, ZHCloseCHF 3,815.—Favourite"
"555","3.5 rooms, 108 m²«Toni-Areal - endlich Zuhause ankommen»Pfingstweidstrasse 94, 8005 Zürich, ZHCloseCHF 3,820.—Favourite"
"556","3.5 rooms, 104 m²«Charmante Wohnung im Herzen von Zürich - befristet»Jenatschstrasse 3, 8002 Zürich, ZHCloseCHF 3,820.—Favourite"
"557","3.5 rooms, 75 m²«MÖBLIERT, TEMPORÄR: 3½ ZI-WOHNUNG IN ZÜRICH - KREIS 6 UNTERSTRASS»8006 Zürich, ZHCloseCHF 3,840.—Favourite"
"558","4 rooms, 110 m²«Luxus an exklusiver Lage!»Krähbühlstr. 55, 8044 Zürich, ZHCloseCHF 3,880.—Favourite"
"559","5 rooms, 210 m²«Grosse WG-taugliche 5 Zimmer-Attikawohnung»Kirchenfeld 59, 8052 Zürich, ZHCloseCHF 3,890.—Favourite"
"560","3.5 rooms, 76 m²«Modernes Wohnen mit beeindruckender Terrasse»Witikonerstrasse 54, 8032 Zürich, ZHCloseCHF 3,895.—Favourite"
"561","3.5 rooms, 124 m²«Bijoux in Jugendstilhaus mit atemberaubender Fernsicht»Möhrlistrasse 23, 8006 Zürich, ZHCloseCHF 3,900.—Favourite"
"562","2.5 rooms, 103 m²«Über den Dächern von Zürich»Cäcilienstr. 5, 8032 Zürich, ZHCloseCHF 3,910.—Favourite"
"563","5.5 rooms«Attraktive 5.5-Zimmer-Wohnung im 2. OG mit zwei Balkonen»Etzelstrasse 6, 8038 Zürich, ZHCloseCHF 3,912.—Favourite"
"564","4.5 rooms, 123 m²«Städtisch Leben - entspannt Wohnen»Wolframplatz 20, 8045 Zürich, ZHCloseCHF 3,920.—Favourite"
"565","4.5 rooms, 210 m²«Helle geräumige 4.5 Zimmer-Attikawohnung»Kirchenfeld 59, 8052 Zürich, ZHCloseCHF 3,920.—Favourite"
"566","2.5 rooms, 84 m²«Exklusive und grosszügige Attikawohnung zu vermieten»Staubstrasse 26, 8038 Zürich, ZHCloseCHF 3,950.—Favourite"
"567","3 rooms, 70 m²«möblierte Wohnung Zürich, ruhige Lage / furnished apartment Zurich»Staubstrasse 3, 8038 Zürich, ZHCloseCHF 3,950.—Favourite"
"568","5.5 rooms, 160 m²«PROVISIONSFREI 5½ ZIMMER-HAUS IN ZÜRICH - KREIS 11 OERLIKON, MÖBLIERT,»8057 Zürich, ZHCloseCHF 3,960.—Favourite"
"569","3.5 rooms, 75 m²«MÖBLIERT: 3½ ZI-WOHNUNG IN ZÜRICH - KREIS 3»8045 Zürich, ZHCloseCHF 3,975.—Favourite"
"570","3.5 rooms, 118 m²«Modernes Wohnen mit fabelhafter Aussicht»Naphtastr. 6, 8005 Zürich, ZHCloseCHF 3,980.—Favourite"
"571","3.5 rooms, 75 m²«In der Nähe vom Kreuzplatz»Forchstr. 26, 8008 Zürich, ZHCloseCHF 3,985.—Favourite"
"572","3 rooms, 90 m²«Pure Lebensqualität über den Dächern von Zürich»Hammerstr. 12, 8008 Zürich, ZHCloseCHF 3,987.—Favourite"
"573","2.5 rooms, 80 m²«MÖBLIERT, TEMPORÄR: 2½ ZIMMER-MAISONETTEWOHNUNG IN ZÜRICH - KREIS 1 AL»8001 Zürich, ZHCloseCHF 3,990.—Favourite"
"574","2.5 rooms, 55 m²«möblierte Wohnung Zürich, ETW-Standard / furnished apartment Zurich»Münchhaldenstrasse 15, 8008 Zürich, ZHCloseCHF 4,000.—Favourite"
"575","3.5 rooms, 76 m²«MÖBLIERT, TEMPORÄR: 3½ ZI-WOHNUNG IN ZÜRICH - KREIS 7 HIRSLANDEN»8032 Zürich, ZHCloseCHF 4,000.—Favourite"
"576","3.5 rooms, 81 m²«MÖBLIERT, TEMPORÄR: 3½ ZI-WOHNUNG IN ZÜRICH - KREIS 4 AUSSERSIHL»8003 Zürich, ZHCloseCHF 4,000.—Favourite"
"577","3.5 rooms, 105 m²«Moderne Maisonettwohnung in historischem Gebäude»Walchestrasse 17, 8006 Zürich, ZHCloseCHF 4,100.—Favourite"
"578","3.5 rooms, 109 m²«Trendy - Chic - Urban - Ihr Loft-Traum»Forchstrasse 261, 8032 Zürich, ZHCloseCHF 4,127.—Favourite"
"579","3 rooms, 42 m²«Junior 2 Bedroom Apartment - Zürich, Cramerstrasse 8-12»Cramerstrasse 8-12, 8004 Zürich, ZHCloseCHF 4,132.—Favourite"
"580","3.5 rooms, 103 m²«Exklusives Wohnen im Osterwalder-Tower: 3.5-Zimmer-Penthouse-Wohnung»Neunbrunnenstrasse 38, 8050 Zürich, ZHCloseCHF 4,160.—Favourite"
"581","4.5 rooms, 135 m²«Wunderschöne Dachwohnung mit Blick auf den Üetliberg»Rothstrasse 58, 8057 Zürich, ZHCloseCHF 4,190.—Favourite"
"582","4.5 rooms, 150 m²«Moderne, lichtdurchflutete 4.5-Zimmer-Wohnung im 1. Obergeschoss zu vermieten»Butzenstr. 36, 8038 Zürich, ZHCloseCHF 4,190.—Favourite"
"583","3.5 rooms, 120 m²«MÖBLIERT, TEMPORÄR: 3½ ZIMMER-LOFT IN ZÜRICH - KREIS 10 WIPKINGEN»8037 Zürich, ZHCloseCHF 4,200.—Favourite"
"584","2.5 rooms, 80 m²«möblierte Wohnung Zürich, erstklassige Lage / furnished apt Zurich»Mühlebachstrasse 30, 8008 Zürich, ZHCloseCHF 4,250.—Favourite"
"585","3 rooms, 80 m²«Senior 2 Bedroom Apartment - Zürich, Binzmühlestr. 48»Binzmühlestr. 48, 8050 Zürich, ZHCloseCHF 4,255.—Favourite"
"586","4.5 rooms, 131 m²«saniert - charmant - grosszügig - mitten in Zürich!»Lavaterstrasse 83, 8002 Zürich, ZHCloseCHF 4,260.—Favourite"
"587","3.5 rooms, 110 m²«Nächster Halt- mein neues Zuhause!»Seefeldstr. 116, 8008 Zürich, ZHCloseCHF 4,270.—Favourite"
"588","6 rooms, 145 m²«Haben Sie Bedarf nach viel Platz oder planen Sie eine Alters-WG?»Wehrenbachhalde 59, 8053 Zürich, ZHCloseCHF 4,273.—Favourite"
"589","3.5 rooms, 108 m²«Exklusives Wohnen mitten in Zürich»Brandschenkestrasse 62, 8002 Zürich, ZHCloseCHF 4,300.—Favourite"
"590","4.5 rooms, 120 m²«MÖBLIERT, TEMPORÄR: 4½ ZI-WOHNUNG IN ZÜRICH - KREIS 10 WIPKINGEN»8037 Zürich, ZHCloseCHF 4,320.—Favourite"
"591","92 m²«Traumhafte Stadtwohnung mit Blick aufs Grossmünster»Münstergasse 9, 8001 Zürich, ZHCloseCHF 4,370.—Favourite"
"592","3.5 rooms, 122 m²«Wohnen auf höchstem Niveau»Naphtastr. 8, 8005 Zürich, ZHCloseCHF 4,380.—Favourite"
"593","3.5 rooms, 122 m²«Ein Wohntraum im 21. OG - Wohnhochhaus Zölly, Ihr neues Zuhause»Turbinenstrasse 60, 8005 Zürich, ZHCloseCHF 4,427.—Favourite"
"594","4.5 rooms, 100 m²«MÖBLIERT, TEMPORÄR: 4½ ZI-WOHNUNG IN ZÜRICH - KREIS 10 HÖNGG»8049 Zürich, ZHCloseCHF 4,440.—Favourite"
"595","2.5 rooms, 51 m²«HOCHWERTIG MIT BLICK ÜBER DIE CITY»8001 Zürich, ZHCloseCHF 4,440.—Favourite"
"596","3.5 rooms, 106 m²«modernes Wohnen im Stadtzentrum»Alfred Escherstr. 64, 8002 Zürich, ZHCloseCHF 4,450.—Favourite"
"597","4.5 rooms, 138 m²«Urbanes Wohnen im ""Secret Garden""»Staffelstrasse 5, 8045 Zürich, ZHCloseCHF 4,460.—Favourite"
"598","3.5 rooms, 135 m²«Moderne trifft auf Vintage»8001 Zürich, ZHCloseCHF 4,495.—Favourite"
"599","3.5 rooms, 126 m²«Erstvermietung von lichtdurchfluteter Wohnung mit Aussicht»Drusbergstrasse 107, 8053 Zürich, ZHCloseCHF 4,500.—Favourite"
"600","4.5 rooms, 117 m²«Höchster Wohnkomfort an zentraler und ruhiger Wohnlage»Drusbergstr. 66, 8053 Zürich, ZHCloseCHF 4,509.—Favourite"
"601","4.5 rooms, 128 m²«4.5-Maisonette-Loftwohnung über den Dächern von Wiedikon!»Bremgartnerstr. 51, 8003 Zürich, ZHCloseCHF 4,513.—Favourite"
"602","4.5 rooms, 137 m²«Wohnen mit Sicht auf Zürichsee und Uetliberg»Zollikerstrasse 198, 8008 Zürich, ZHCloseCHF 4,650.—Favourite"
"603","4.5 rooms, 114 m²«Wunderbare 4.5-Zimmerwohnung beim Kreuzplatz»Hohenbühlstrasse 8, 8032 Zürich, ZHCloseCHF 4,650.—Favourite"
"604","4 rooms, 109 m²«Moderne Stadtwohnung mit zwei Balkonen an genialer Lage»Mühlebachstr. 28, 8008 Zürich, ZHCloseCHF 4,700.—Favourite"
"605","4.5 rooms, 121 m²«Leben Sie Ihren Wohntraum»Winkelriedstrasse 36, 8006 Zürich, ZHCloseCHF 4,700.—Favourite"
"606","4.5 rooms, 110 m²«Lifestyle am Züriberg!»Fritz Fleiner-Weg 7, 8044 Zürich, ZHCloseCHF 4,750.—Favourite"
"607","5 rooms, 128 m²«Phantastischer Blick über die Stadt Zürich und das Limmattal»Germaniastr. 64, 8006 Zürich, ZHCloseCHF 4,800.—Favourite"
"608","6.5 rooms«Zentral, 170m2 Wohnung, 4 Balkone - greifen Sie zu!»Hegibachstrasse 68, 8032 Zürich, ZHCloseCHF 4,800.—Favourite"
"609","3.5 rooms, 100 m²«MÖBLIERT, TEMPORÄR: 3½ ZI-WOHNUNG IN ZÜRICH - KREIS 7 HOTTINGEN»8032 Zürich, ZHCloseCHF 4,813.—Favourite"
"610","3.5 rooms, 130 m²«Top of Zurich - Wohnen in Zürich-West»Hardturmstrasse 5, 8005 Zürich, ZHCloseCHF 4,830.—Favourite"
"611","3 rooms, 100 m²«MÖBLIERT, TEMPORÄR: 3 ZI-WOHNUNG IN ZÜRICH - KREIS 6 OBERSTRASS»8006 Zürich, ZHCloseCHF 4,875.—Favourite"
"612","4.5 rooms, 120 m²«MÖBLIERT, TEMPORÄR: 4½ ZI-WOHNUNG IN ZÜRICH - KREIS 9»8047 Zürich, ZHCloseCHF 4,875.—Favourite"
"613","3.5 rooms, 82 m²«möblierte Wohnung Zürich, erstklassige Lage / furnished apt Zurich»Baurstrasse 32, 8008 Zürich, ZHCloseCHF 4,900.—Favourite"
"614","4.5 rooms, 124 m²«Erstvermietung in beliebtem Wohnquartier am Zürichberg»Titlisstrasse 50, 8032 Zürich, ZHCloseCHF 4,900.—Favourite"
"615","4.5 rooms, 136 m²«PANORAMAAUSSICHT AN RUHIGER LAGE»8049 Zürich, ZHCloseCHF 4,900.—Favourite"
"616","4.5 rooms, 130 m²«VILLA MIT WEITSICHT UND EIGENER EINGANGSTÜR!»8032 Zürich, ZHCloseCHF 4,950.—Favourite"
"617","2 rooms, 160 m²«MÖBLIERT, TEMPORÄR: 2 ZIMMER-LOFT IN ZÜRICH - KREIS 3»8045 Zürich, ZHCloseCHF 4,975.—Favourite"
"618","3.5 rooms, 140 m²«Luxuriöse Dachwohnung»Hohenbühlstrasse 9, 8032 Zürich, ZHCloseCHF 4,975.—Favourite"
"619","2.5 rooms, 51 m²«NEU UND EXKLUSIV»8004 Zürich, ZHCloseCHF 5,000.—Favourite"
"620","2.5 rooms, 51 m²«ZENTRAL MIT VOLLSERVICE»8004 Zürich, ZHCloseCHF 5,000.—Favourite"
"621","3 rooms, 85 m²«MÖBLIERT, TEMPORÄR: 3 ZIMMER-LOFT IN ZÜRICH - KREIS 7 ZÜRICHBERG»8044 Zürich, ZHCloseCHF 5,040.—Favourite"
"622","1 room, 40 m²«Grand Apartment - Zürich, Gerechtigkeitsgasse 8»Gerechtigkeitsgasse 8, 8001 Zürich, ZHCloseCHF 5,075.—Favourite"
"623","2.5 rooms, 68 m²«MIT SCHÖNER SONNENTERRASSE»8001 Zürich, ZHCloseCHF 5,080.—Favourite"
"624","2 rooms, 60 m²«Senior 1 Bedroom Apartment - Zürich, Bellariastr. 36»Bellariastr. 36, 8002 Zürich, ZHCloseCHF 5,169.—Favourite"
"625","3.5 rooms, 87 m²«möblierte Wohnung Zürich, erstklassige Lage / furnished apt Zurich»Höschgasse 68, 8008 Zürich, ZHCloseCHF 5,250.—Favourite"
"626","3.5 rooms, 88 m²«möblierte Wohnung Zürich, ETW-Standard / furnished apartment Zurich»Florastrasse 28, 8008 Zürich, ZHCloseCHF 5,250.—Favourite"
"627","2.5 rooms, 67 m²«MODERN UND HOCHWERTIG»8004 Zürich, ZHCloseCHF 5,250.—Favourite"
"628","5.5 rooms, 150 m²«Vulcano: Helle Wohnungen mit Aus- und Weitsicht»Vulkanstrasse 110, 8048 Zürich, ZHCloseCHF 5,280.—Favourite"
"629","3.5 rooms, 87 m²«möblierte Wohnung Zürich, ETW-Standard / furnished apartment Zurich»Höschgasse 38, 8008 Zürich, ZHCloseCHF 5,350.—Favourite"
"630","5.5 rooms, 142 m²«Erstvermietung in ruhigem Wohnquartier nähe Waldrand»Waldschulweg 21, 8032 Zürich, ZHCloseCHF 5,350.—Favourite"
"631","3.5 rooms, 95 m²«Erstklassige Wohnung am sonnigen und begehrten Zürichberg»Fritz Fleiner-Weg 11, 8044 Zürich, ZHCloseCHF 5,358.—Favourite"
"632","3 rooms, 128 m²«Exklusive Wohnung mit Dachterrasse im Kreis 6»Rotbuchstrasse 3, 8006 Zürich, ZHCloseCHF 5,450.—Favourite"
"633","2.5 rooms, 66 m²«HOCHWERTIG UND EXKLUSIV»8004 Zürich, ZHCloseCHF 5,455.—Favourite"
"634","4.5 rooms, 130 m²«Exklusive Maisonette-Wohnung mit Dachterrasse in kleinem Geschäftshaus»Bodmerstrasse 7, 8002 Zürich, ZHCloseCHF 5,500.—Favourite"
"635","6.5 rooms, 197 m²«Wohnqualität pur: Terrasse, Cheminée, Ruhe, Aussicht......»Biberlinstrasse 44, 8032 Zürich, ZHCloseCHF 5,500.—Favourite"
"636","4.5 rooms, 154 m²«Traumwohnung im beliebten Seefeld mit exklusivem Ausblick»Zollikerstrasse 194, 8008 Zürich, ZHCloseCHF 5,500.—Favourite"
"637","3.5 rooms, 124 m²«Urbane Lebensqualität an der Europaallee - Möblierte Wohnung!»Gustav-Gull-Platz 4, 8004 Zürich, ZHCloseCHF 5,500.—Favourite"
"638","4.5 rooms, 144 m²«Traumhaftes Wohnen am Zürichberg mit eigenem Swimmingpool»Susenbergstrasse 131, 8044 Zürich, ZHCloseCHF 5,550.—Favourite"
"639","2.5 rooms, 53 m²«SERVICED APARTMENT MITTEN IN DER CITY»8004 Zürich, ZHCloseCHF 5,570.—Favourite"
"640","2.5 rooms, 53 m²«MODERN IN DER CITY»8004 Zürich, ZHCloseCHF 5,720.—Favourite"
"641","3.5 rooms, 135 m²«Top of Zurich - Wohnen in Zürich-West»Hardturmstrasse 5, 8005 Zürich, ZHCloseCHF 5,790.—Favourite"
"642","4.5 rooms, 146 m²«Erstvermietung - Schicke 4 1/2-Zimmer-Stadtwohnung»Stadelhoferstrasse 38, 8001 Zürich, ZHCloseCHF 5,850.—Favourite"
"643","2.5 rooms, 50 m²«HELL UND MODERN»8004 Zürich, ZHCloseCHF 5,850.—Favourite"
"644","7 rooms, 190 m²«Erstbezug nach Totalsanierung»Wehrenbachhalde 57, 8053 Zürich, ZHCloseCHF 5,960.—Favourite"
"645","4.5 rooms, 186 m²«ALLES AUSSERGEWÖHNLICH!»8049 Zürich, ZHCloseCHF 5,990.—Favourite"
"646","5.5 rooms, 163 m²«FREISTEHEND MIT SCHÖNER AUSSICHT»8049 Zürich, ZHCloseCHF 6,000.—Favourite"
"647","2.5 rooms, 51 m²«HOCHWERTIG UND MODERN»8004 Zürich, ZHCloseCHF 6,050.—Favourite"
"648","4.5 rooms, 160 m²«Wohnen im Herzen von Zürich»Zwingliplatz 3, 8001 Zürich, ZHCloseCHF 6,150.—Favourite"
"649","2.5 rooms, 90 m²«MIT TERRASSE UND LOGGIA»8004 Zürich, ZHCloseCHF 6,155.—Favourite"
"650","4.5 rooms, 165 m²«Totalsanierte Attikawohnung mit eigener Terrasse»Plattenstr. 34, 8032 Zürich, ZHCloseCHF 6,200.—Favourite"
"651","5.5 rooms, 163 m²«Der Berg ruft»Ackersteinstrasse  175, 8049 Zürich, ZHCloseCHF 6,200.—Favourite"
"652","2.5 rooms, 51 m²«HOCHWERTIG UND CHARMANT»8004 Zürich, ZHCloseCHF 6,250.—Favourite"
"653","2.5 rooms, 53 m²«HOCHWERTIG AUSGESTATTET»8004 Zürich, ZHCloseCHF 6,420.—Favourite"
"654","5 rooms, 151 m²«Liebhaberobjekt in geschichtsträchtigem Haus»Untere Zäune 1, 8001 Zürich, ZHCloseCHF 6,530.—Favourite"
"655","5.5 rooms, 237 m²«Ihr Zuhause im Trendquartier Wollishofen»Abendweg 1, 8038 Zürich, ZHCloseCHF 6,580.—Favourite"
"656","2.5 rooms, 64 m²«ÜBER DEN DÄCHERN VON ZÜRICH»8004 Zürich, ZHCloseCHF 6,720.—Favourite"
"657","4.5 rooms, 150 m²«Erstvermietung - Schicke 4 1/2-Zimmer-Stadtwohnung mit grossem Balkon»Stadelhoferstrasse 38, 8001 Zürich, ZHCloseCHF 6,750.—Favourite"
"658","150 m²«Wollten Sie schon immer einmal in der Nähe des Seebeckens wohnen?»St. Urbangasse 4, 8001 Zürich, ZHCloseCHF 6,850.—Favourite"
"659","2.5 rooms, 64 m²«ÜBER DEN DÄCHERN MIT LOGGIA»8004 Zürich, ZHCloseCHF 6,870.—Favourite"
"660","4.5 rooms, 134 m²«Exklusive Dachwohnung direkt am Zürichsee»Feldeggstr. 12, 8008 Zürich, ZHCloseCHF 7,000.—Favourite"
"661","4.5 rooms, 189 m²«Moderne, luxuriöse Maisonettewohnung am Tiefenbrunnen»Seefeldstrasse 277 A, 8008 Zürich, ZHCloseCHF 7,070.—Favourite"
"662","5.5 rooms, 175 m²«Luxuriöses Einfamilienhaus mit See- und Bergsicht»Hitzigweg 5, 8032 Zürich, ZHCloseCHF 7,900.—Favourite"
"663","3.5 rooms, 111 m²«MIT TRAUMHAFTER AUSSICHT»8004 Zürich, ZHCloseCHF 7,900.—Favourite"
"664","4.5 rooms, 209 m²«Mobimo-Tower: ein Luxus-Apartment mit Seesicht, hoch über Zürich»8005 Zürich, ZHCloseCHF 8,400.—Favourite"
"665","6.5 rooms, 230 m²«Luxuriöses Wohnen am Zürichberg»Susenbergstrasse 118, 8044 Zürich, ZHCloseCHF 8,900.—Favourite"
"666","3.5 rooms, 100 m²«EXKLUSIV AN BESTER CITY LAGE»8001 Zürich, ZHCloseCHF 9,015.—Favourite"
"667","5 rooms, 212 m²«Luxuriös residieren an der weltberühmten Bahnhofstrasse»Bahnhofstr. 16, 8001 Zürich, ZHCloseCHF 10,450.—Favourite"
"668","3.5 rooms, 114 m²«HELL UND EXKLUSIV»8004 Zürich, ZHCloseCHF 10,480.—Favourite"
"669","4.5 rooms, 150 m²«ÜBER DEN DÄCHERN DER INNENSTADT»8004 Zürich, ZHCloseCHF 13,645.—Favourite"
"670","1 room«Moderne, möblierte 1-Zimmerwohnung am Schöneggplatz»Schöneggplatz 9, 8004 Zürich, ZHClosePrice on requestFavourite"
"671","1.5 rooms«Projektankündigung: Umfassend sanierte 1½- und 2½-Zimmerwohnungen»Heinrichstrasse 83, 8005 Zürich, ZHClosePrice on requestFavourite"
"672","2.5 rooms«Projektankündigung: Umfassend sanierte 1½- und 2½-Zimmerwohnungen»Heinrichstrasse 83, 8005 Zürich, ZHClosePrice on requestFavourite"
"673","12 rooms, 376 m²«Exklusives Einfamilienhaus mit traumhaftem Ausblick auf Zürich»8032 Zürich, ZHClosePrice on requestFavourite"
"674","5 rooms, 240 m²«Einmalige Architekturikone zu vermieten, mit Schwimmbad und Sauna»Vogtsrain 43, 8049 Zürich, ZHClosePrice on requestFavourite"
"675","1 room, 30 m²«Chambre à louer»Rosenbühlstrasse 31, 8044 Zürich, ZHCloseCHF 28.—Favourite"
"676","«WohnhilfeDienst»8001 Zürich, ZHCloseCHF 300.—Favourite"
"677","20 m²«Zimmer zu vermiten»Wehntalerstrasse, 8057 Zürich, ZHCloseCHF 650.—Favourite"
"678","«Neu möblierte Apartment-Zimmer mit Hotel Service»Baslerstrasse 110, 8048 Zürich, ZHCloseCHF 1,100.—Favourite"
"679","17 m²«Möbliertes WG-Zimmer in EFH beim Milchbuck in Zürich 6»Oerlikonerstrasse 14, 8057 Zürich, ZHCloseCHF 1,100.—Favourite"
"680","1 room, 65 m²«Möbliertes WZimmer 11.12.18-23.1.19 in Zürich,nach Absprache»Austrasse, 8045 Zürich, ZHCloseCHF 1,100.—Favourite"
"681","1 room, 17 m²«Möblierte Studios / sehr gut gelegen»Neptunstrasse 48, 8032 Zürich, ZHCloseCHF 1,100.—Favourite"
"682","«1 1/2 Zimmer Wohnung in Zürich Oerlikon»Schaffhauserstrasse, 8057 Zürich, ZHCloseCHF 1,100.—Favourite"
"683","3 rooms, 68 m²«Wohnung zu vermieten 1 Monat ab 11. Dez – 9. Jan»Guggachstrasse, 8057 Zürich, ZHCloseCHF 1,100.—Favourite"
"684","1 room«Apartment haus perim»Schaffhauserstrasse, 8050 Zürich, ZHCloseCHF 1,300.—Favourite"
"685","2 rooms«Wohnung zu vermieten»Altstetterstrasse 196, 8048 Zürich, ZHCloseCHF 1,378.—Favourite"
"686","1 room, 21 m²«Grosses Zimmer in Traumwohnung per sofort nähe ETH+Airport»Birchstrassee 231, 8052 Zürich, ZHCloseCHF 1,410.—Favourite"
"687","1 room, 42 m²«Grosse 1-Zimmerwohnung in Wiedikon»Birmensdorferstrasse 140, 8003 Zürich, ZHCloseCHF 1,485.—Favourite"
"688","1.5 rooms, 36 m²«Zentrale 1.5 Zi-Whg zur Untermiete (4.5 Monate)»8044 Zürich, ZHCloseCHF 1,500.—Favourite"
"689","2 rooms«Helle und gemütliche 2.0-Zimmer Wohnung»Schaffhauserstrasse 488, 8052 Zürich, ZHCloseCHF 1,532.—Favourite"
"690","2 rooms, 43 m²«2 Zimmer Wohnung sucht Nachmieter/in ab 01. Dezember»Langfurren, 18, 8057 Zürich, ZHCloseCHF 1,700.—Favourite"
"691","2 rooms, 76 m²«Schöne 2 Zimmerwohnung»Förrlibuckstrasse 189, 8005 Zürich, ZHCloseCHF 1,700.—Favourite"
"692","3.5 rooms, 60 m²«Wg zwein personen kreis 2 grosse private dachterrasse»Mutschellenstrasse, 17, 8002 Zürich, ZHCloseCHF 1,750.—Favourite"
"693","3 rooms, 79 m²«3-Zimmer-Wohnung in 8051 Zürich»Überlandstrasse 287, 8051 Zürich, ZHCloseCHF 1,770.—Favourite"
"694","3 rooms, 55 m²«3 Zimmer Wohnung (20 Minuten von der ETH)»Am Luchsgraben 17, 8051 Zürich, ZHCloseCHF 1,780.—Favourite"
"695","3.5 rooms, 83 m²«Schöne 3.5 Zimmer Dachwohnung in Zürich-Seebach»Ausserdorfstrasse 10a, 8052 Zürich, ZHCloseCHF 1,781.—Favourite"
"696","3.5 rooms, 81 m²«3.5-Zi Wohnung in Oerlikon/Seebach frei ab Januar 2019»8052 Zürich, ZHCloseCHF 1,789.—Favourite"
